accession	assembly_name	collection	sample_accession	scientific_name	base_count
GCA_052113145	ASM5211314v1	AtSC	SAMN42732147	Bacillus sp. YAF8	3784230
GCA_052113185	ASM5211318v1	AtSC	SAMN42732146	Leifsonia sp. YAF41	4151440
GCA_052113205	ASM5211320v1	AtSC	SAMN42732144	Inquilinus sp. YAF38	7631514
GCA_052113225	ASM5211322v1	AtSC	SAMN42732145	Paenibacillus sp. YAF4_2	6291777
GCA_052113245	ASM5211324v1	AtSC	SAMN42732143	Arthrobacter sp. YAF34	4263885
GCA_052113265	ASM5211326v1	AtSC	SAMN42732142	Novosphingobium sp. YAF33	5927869
GCA_052113285	ASM5211328v1	AtSC	SAMN42732141	Rhizobium sp. YAF28	6693589
GCA_052113305	ASM5211330v1	AtSC	SAMN42732140	Terriglobus sp. YAF25	5574739
GCA_052113325	ASM5211332v1	AtSC	SAMN42732139	Janibacter sp. YAF2_2	3147611
GCA_052113345	ASM5211334v1	AtSC	SAMN42732138	Pseudarthrobacter sp. YAF2	4621849
GCA_052113365	ASM5211336v1	AtSC	SAMN42732137	Arthrobacter sp. YAF17	4107163
GCA_052113385	ASM5211338v1	AtSC	SAMN42732136	Arthrobacter sp. YAF16	3628328
GCA_052113405	ASM5211340v1	AtSC	SAMN42732134	Bacillus sp. YAF12_1	5987367
GCA_052113425	ASM5211342v1	AtSC	SAMN42732135	Cupriavidus sp. YAF13	8817287
GCA_052113445	ASM5211344v1	AtSC	SAMN42732133	Paenarthrobacter sp. YAF11_1	4945439
GCA_052113465	ASM5211346v1	AtSC	SAMN42732132	Pseudomonas sp. TAF7	6503037
GCA_052113485	ASM5211348v1	AtSC	SAMN42732131	Lysobacter sp. TAF61	3868614
GCA_052113505	ASM5211350v1	AtSC	SAMN42732130	Pseudarthrobacter sp. TAF60_1	4367851
GCA_052113525	ASM5211352v1	AtSC	SAMN42732127	Rhodococcus sp. TAF43	6032747
GCA_052113545	ASM5211354v1	AtSC	SAMN42732128	Paenibacillus sp. TAF43_2	7411731
GCA_052113585	ASM5211358v1	AtSC	SAMN42732126	Allobosea sp. TAF32	5843439
GCA_052113785	ASM5211378v1	AtSC	SAMN42732125	Phyllobacterium sp. TAF24	5446027
GCA_052113805	ASM5211380v1	AtSC	SAMN42732129	Paenibacillus sp. TAF58	7532473
GCA_052113825	ASM5211382v1	AtSC	SAMN42732124	Paenarthrobacter sp. TAF1	4550972
GCA_052113845	ASM5211384v1	AtSC	SAMN42732123	Stenotrophomonas sp. TAB6	4521093
GCA_052113865	ASM5211386v1	AtSC	SAMN42732122	Allobosea sp. TAB14	5566822
GCA_052113885	ASM5211388v1	AtSC	SAMN42732121	Lysobacter sp. TAB13	6167991
GCA_052113905	ASM5211390v1	AtSC	SAMN42732120	Paenarthrobacter sp. RAF9	4037666
GCA_052113925	ASM5211392v1	AtSC	SAMN42732119	Terrabacter sp. RAF57	4884266
GCA_052113945	ASM5211394v1	AtSC	SAMN42732117	Paenarthrobacter sp. RAF54_2	5546528
GCA_052113965	ASM5211396v1	AtSC	SAMN42732118	Rhizobium sp. RAF56	5944358
GCA_052113985	ASM5211398v1	AtSC	SAMN42732116	Pseudoduganella sp. RAF53_2	6365101
GCA_052114005	ASM5211400v1	AtSC	SAMN42732115	Marmoricola sp. RAF53	4316008
GCA_052114025	ASM5211402v1	AtSC	SAMN42732113	Allobosea sp. RAF48	6222578
GCA_052114035	ASM5211403v1	AtSC	SAMN42732114	Janibacter sp. RAF52	3151261
GCA_052114065	ASM5211406v1	AtSC	SAMN42732112	Specibacter sp. RAF43	3607834
GCA_052114085	ASM5211408v1	AtSC	SAMN42732111	Leifsonia sp. RAF41	3647809
GCA_052114105	ASM5211410v1	AtSC	SAMN42732110	Rhizobium sp. RAF36	5972087
GCA_052114125	ASM5211412v1	AtSC	SAMN42732108	Cupriavidus sp. RAF20_2	5933307
GCA_052114145	ASM5211414v1	AtSC	SAMN42732109	Janibacter sp. RAF20_2_2	2826952
GCA_052114165	ASM5211416v1	AtSC	SAMN42732107	Pseudoduganella sp. RAF19	6586838
GCA_052114185	ASM5211418v1	AtSC	SAMN42732106	Arthrobacter sp. RAF14	3619216
GCA_052114205	ASM5211420v1	AtSC	SAMN42732105	Cupriavidus sp. RAF12	6757405
GCA_052114225	ASM5211422v1	AtSC	SAMN42732104	Chitinophaga sp. RAB17	9271751
GCA_052114245	ASM5211424v1	AtSC	SAMN42732102	Pseudomonas sp. PAB10	6292951
GCA_052114265	ASM5211426v1	AtSC	SAMN42732101	Paenibacillus sp. MCAF9	7509865
GCA_052114285	ASM5211428v1	AtSC	SAMN42732103	Achromobacter sp. PAB15	6664200
GCA_052114305	ASM5211430v1	AtSC	SAMN42732100	Streptomyces sp. MCAF7	9827538
GCA_052114325	ASM5211432v1	AtSC	SAMN42732098	Glutamicibacter sp. MCAF14	3706089
GCA_052114345	ASM5211434v1	AtSC	SAMN42732099	Paenibacillus sp. MCAF20	6564083
GCA_052114365	ASM5211436v1	AtSC	SAMN42732097	Agrobacterium sp. MCAB5	5958036
GCA_052114385	ASM5211438v1	AtSC	SAMN42732096	Variovorax sp. M-6	7285088
GCA_052114405	ASM5211440v1	AtSC	SAMN42732095	Streptomyces sp. M-16	9148561
GCA_052114425	ASM5211442v1	AtSC	SAMN42732094	Brevundimonas sp. M-11_2	2988634
GCA_052114445	ASM5211444v1	AtSC	SAMN42732093	Cupriavidus sp. M-11	8709157
GCA_052114465	ASM5211446v1	AtSC	SAMN42732092	Arthrobacter sp. M-10	4639067
GCA_052114485	ASM5211448v1	AtSC	SAMN42732091	Cupriavidus sp. KB_39	6337514
GCA_052114505	ASM5211450v1	AtSC	SAMN42732090	Labrys sp. KB_33_2	7403828
GCA_052114525	ASM5211452v1	AtSC	SAMN42732089	Pseudomonas sp. KB_15	6619799
GCA_052114545	ASM5211454v1	AtSC	SAMN42732088	Pseudomonas sp. KB_12	6249593
GCA_052114565	ASM5211456v1	AtSC	SAMN42732087	Mycobacterium sp. 2YAF39	5756524
GCA_052114585	ASM5211458v1	AtSC	SAMN42732086	Pedococcus sp. 2YAF34	3979397
GCA_052114605	ASM5211460v1	AtSC	SAMN42732085	Microvirga sp. 2YAF29	4122730
GCA_052114625	ASM5211462v1	AtSC	SAMN42732084	Stenotrophomonas sp. 2YAF26	4517367
GCA_052114645	ASM5211464v1	AtSC	SAMN42732083	Arthrobacter sp. 2YAF22_2	3745484
GCA_052114665	ASM5211466v1	AtSC	SAMN42732082	Stenotrophomonas sp. 2YAF22	4389492
GCA_052114685	ASM5211468v1	AtSC	SAMN42732081	Rhizobium sp. 2YAF20	7256817
GCA_052114705	ASM5211470v1	AtSC	SAMN42732080	Terrabacter sp. 2YAF2	4774998
GCA_052114725	ASM5211472v1	AtSC	SAMN42732079	Dyella sp. 2YAF14	4738015
GCA_052114745	ASM5211474v1	AtSC	SAMN42732078	Brevundimonas sp. 2YAF1	3003069
GCA_052114765	ASM5211476v1	AtSC	SAMN42732077	Terriglobus sp. 2YAB30_2	6011434
GCA_052114785	ASM5211478v1	AtSC	SAMN42732076	Nocardia sp. 2YAB30	8065424
GCA_052114805	ASM5211480v1	AtSC	SAMN42732075	Allobosea sp. 2YAB26	7452461
GCA_052114825	ASM5211482v1	AtSC	SAMN42732073	Paenibacillus sp. 2TAF8	6746127
GCA_052114845	ASM5211484v1	AtSC	SAMN42732074	Ensifer sp. 2YAB10	7625772
GCA_052114865	ASM5211486v1	AtSC	SAMN42732072	Hyphomicrobium sp. 2TAF46	4809770
GCA_052114885	ASM5211488v1	AtSC	SAMN42732071	Paenarthrobacter sp. 2TAF44	5358973
GCA_052114905	ASM5211490v1	AtSC	SAMN42732070	Nocardia sp. 2TAF39	7052144
GCA_052114925	ASM5211492v1	AtSC	SAMN42732069	Bradyrhizobium sp. 2TAF36	9301284
GCA_052114945	ASM5211494v1	AtSC	SAMN42732068	Glaciibacter sp. 2TAF33	3752204
GCA_052114965	ASM5211496v1	AtSC	SAMN42732067	Microvirga sp. 2TAF3	4426939
GCA_052114985	ASM5211498v1	AtSC	SAMN42732066	Rhizobium sp. 2TAF27	7110671
GCA_052115005	ASM5211500v1	AtSC	SAMN42732065	Massilia sp. 2TAF26	6003663
GCA_052115025	ASM5211502v1	AtSC	SAMN42732064	Bradyrhizobium sp. 2TAF24	7119163
GCA_052115045	ASM5211504v1	AtSC	SAMN42732063	Cupriavidus sp. 2TAF22	8812311
GCA_052115065	ASM5211506v1	AtSC	SAMN42732061	Terrabacter sp. 2TAF16	4758906
GCA_052115085	ASM5211508v1	AtSC	SAMN42732062	Leifsonia sp. 2TAF2	3985950
GCA_052115105	ASM5211510v1	AtSC	SAMN42732060	Chryseobacterium sp. 2TAF14	3748260
GCA_052115125	ASM5211512v1	AtSC	SAMN42732059	Ensifer sp. 2TAB8	7444956
GCA_052115145	ASM5211514v1	AtSC	SAMN42732058	Paenibacillus sp. 2TAB26	8147870
GCA_052115165	ASM5211516v1	AtSC	SAMN42732057	Paenibacillus sp. 2TAB23	7523233
GCA_052115185	ASM5211518v1	AtSC	SAMN42732056	Paenibacillus sp. 2TAB19	7001714
GCA_052115205	ASM5211520v1	AtSC	SAMN42732055	Arthrobacter sp. 2RAF6	5430936
GCA_052115225	ASM5211522v1	AtSC	SAMN42732054	Mesorhizobium sp. 2RAF45	6799345
GCA_052115245	ASM5211524v1	AtSC	SAMN42732053	Dyella sp. 2RAF44	4833526
GCA_052115265	ASM5211526v1	AtSC	SAMN42732051	Terrabacter sp. 2RAF25	4787320
GCA_052115285	ASM5211528v1	AtSC	SAMN42732052	Microbacterium sp. 2RAF4	3810801
GCA_052115305	ASM5211530v1	AtSC	SAMN42732050	Streptomyces sp. 2RAF24	8540735
GCA_052115325	ASM5211532v1	AtSC	SAMN42732049	Arthrobacter sp. 2RAF22	3350491
GCA_052115345	ASM5211534v1	AtSC	SAMN42732048	Mesorhizobium sp. 2RAF21	6801295
GCA_052115365	ASM5211536v1	AtSC	SAMN42732047	Variovorax sp. 2RAF20	6713557
GCA_052115385	ASM5211538v1	AtSC	SAMN42732045	Dyella sp. 2RAB6	5242111
GCA_052115395	ASM5211539v1	AtSC	SAMN42732046	Lysobacter sp. 2RAF19	3289022
GCA_052115425	ASM5211542v1	AtSC	SAMN42732044	Rhizobiaceae sp. 2RAB30	7972061
GCA_052115445	ASM5211544v1	AtSC	SAMN42732043	Paenibacillus sp. 2RAB27	8162338
GCA_052115465	ASM5211546v1	AtSC	SAMN42732042	Allobosea sp. 2RAB26	7196559
GCA_052115485	ASM5211548v1	AtSC	SAMN42732040	Microvirga sp. 2MCAF38	3679619
GCA_052115495	ASM5211549v1	AtSC	SAMN42732041	Lysobacter sp. 2RAB21	4770025
GCA_052115525	ASM5211552v1	AtSC	SAMN42732039	Leifsonia sp. 2MCAF36	4063258
GCA_052115545	ASM5211554v1	AtSC	SAMN42732038	Microvirga sp. 2MCAF35	4572198
GCA_052115565	ASM5211556v1	AtSC	SAMN42732036	Microbacterium sp. 2MCAF23	4047829
GCA_052115585	ASM5211558v1	AtSC	SAMN42732037	Streptomyces sp. 2MCAF27	10406007
GCA_052115605	ASM5211560v1	AtSC	SAMN42732035	Arthrobacter sp. 2MCAF15	4987756
GCA_052115625	ASM5211562v1	AtSC	SAMN42732034	Stenotrophomonas sp. 2MCAF14_2	4694143
GCA_052115645	ASM5211564v1	AtSC	SAMN42732033	Arthrobacter sp. 2MCAF14	5136013
GCA_052115665	ASM5211566v1	AtSC	SAMN42732032	Cupriavidus sp. 2MCAB6	9194175
GCA_052115685	ASM5211568v1	AtSC	SAMN42732031	Cupriavidus sp. 2KB_3	5986298
GCA_052115705	ASM5211570v1	AtSC	SAMN42732029	Inquilinus sp. 2KB_23	7631845
GCA_052115715	ASM5211571v1	AtSC	SAMN42732030	Allobosea sp. 2KB_26	7388908
GCA_052115745	ASM5211574v1	AtSC	SAMN42732028	Paenibacillus sp. 2KB_22	6998797
GCA_052115765	ASM5211576v1	AtSC	SAMN42732027	Paenibacillus sp. 2KB_20	7450254
GCA_052115785	ASM5211578v1	AtSC	SAMN42732026	Cupriavidus sp. 2KB_15	8830991
GCA_052115805	ASM5211580v1	AtSC	SAMN42732025	Inquilinus sp. 2KB_12	7634800
GCA_054049135	ASM5404913v1	HvSC	SAMN42779448	Kitasatospora sp. P5_F3	8084501
GCA_054049155	ASM5404915v1	HvSC	SAMN42779447	Kitasatospora sp. P5_F2	6506003
GCA_054049175	ASM5404917v1	HvSC	SAMN42779445	Microbacterium sp. P5_E9	4391171
GCA_054049195	ASM5404919v1	HvSC	SAMN42779446	Piscinibacter sp. P5_F1	6522455
GCA_054049215	ASM5404921v1	HvSC	SAMN42779443	Roseateles sp. P5_E7	6158322
GCA_054049235	ASM5404923v1	HvSC	SAMN42779442	Polaromonas sp. P5_E6	4901403
GCA_054049255	ASM5404925v1	HvSC	SAMN42779441	Roseateles sp. P5_E4	6450287
GCA_054049275	ASM5404927v1	HvSC	SAMN42779440	Nocardioides sp. P5_E3	4734472
GCA_054049295	ASM5404929v1	HvSC	SAMN42779439	Burkholderiaceae bacterium P5_E2	6358751
GCA_054049315	ASM5404931v1	HvSC	SAMN42779438	Cellulomonas sp. P5_E12	4184370
GCA_054049335	ASM5404933v1	HvSC	SAMN42779436	Roseateles sp. P5_E1	6829493
GCA_054049355	ASM5404935v1	HvSC	SAMN42779437	Roseateles sp. P5_E11	6746469
GCA_054049375	ASM5404937v1	HvSC	SAMN42779435	Burkholderiaceae bacterium P5_D8	6541530
GCA_054049395	ASM5404939v1	HvSC	SAMN42779434	Burkholderiaceae bacterium P5_D7	7150213
GCA_054049415	ASM5404941v1	HvSC	SAMN42779433	Roseateles sp. P5_D6	6646851
GCA_054049435	ASM5404943v1	HvSC	SAMN42779432	Polaromonas sp. P5_D5	4862672
GCA_054049455	ASM5404945v1	HvSC	SAMN42779431	Paenibacillus sp. P5_D4	6525555
GCA_054049475	ASM5404947v1	HvSC	SAMN42779430	Microvirga sp. P5_D2	6384138
GCA_054049495	ASM5404949v1	HvSC	SAMN42779429	Phyllobacterium sp. P5_D12	5450418
GCA_054049515	ASM5404951v1	HvSC	SAMN42779428	Streptomyces sp. P5_D11	9448274
GCA_054049535	ASM5404953v1	HvSC	SAMN42779427	Aeromicrobium sp. P5_D10	4543371
GCA_054049555	ASM5404955v1	HvSC	SAMN42779426	Nocardioides sp. P5_C9_2	4013893
GCA_054049575	ASM5404957v1	HvSC	SAMN42779425	Burkholderiaceae bacterium P5_C9	6574840
GCA_054049595	ASM5404959v1	HvSC	SAMN42779423	Tardiphaga sp. P5_C7	6293090
GCA_054049615	ASM5404961v1	HvSC	SAMN42779424	Burkholderiaceae bacterium P5_C8	6158994
GCA_054049635	ASM5404963v1	HvSC	SAMN42779422	Cellulomonas sp. P5_C6	4305270
GCA_054049655	ASM5404965v1	HvSC	SAMN42779421	Cellulomonas sp. P5_C5	4694094
GCA_054049675	ASM5404967v1	HvSC	SAMN42779419	Pseudomonas sp. P5_C3	6367912
GCA_054049695	ASM5404969v1	HvSC	SAMN42779420	Lysobacter sp. P5_C4	3230967
GCA_054049715	ASM5404971v1	HvSC	SAMN42779418	Rhizobacter sp. P5_C2	7079553
GCA_054049735	ASM5404973v1	HvSC	SAMN42779417	Bradyrhizobium sp. P5_C12	8045492
GCA_054049755	ASM5404975v1	HvSC	SAMN42779416	Bradyrhizobium sp. P5_C11_2	8274162
GCA_054049775	ASM5404977v1	HvSC	SAMN42779415	Methylobacterium sp. P5_C11	5720869
GCA_054049795	ASM5404979v1	HvSC	SAMN42779414	Tardiphaga sp. P5_C10	6078276
GCA_054049815	ASM5404981v1	HvSC	SAMN42779413	Mesorhizobium sp. P5_C1	6844027
GCA_054049835	ASM5404983v1	HvSC	SAMN42779412	Lysobacter sp. P5_B9	3491155
GCA_054049855	ASM5404985v1	HvSC	SAMN42779411	Stenotrophomonas sp. P5_B8	4507621
GCA_054049875	ASM5404987v1	HvSC	SAMN42779410	Usitatibacteraceae bacterium P5_B7_2	4750860
GCA_054049895	ASM5404989v1	HvSC	SAMN42779409	Pedococcus sp. P5_B7	4274547
GCA_054177665	ASM5417766v1	HvSC	SAMN42779444	Roseateles sp. P5_E8	6195849
GCA_054177685	ASM5417768v1	HvSC	SAMN42779392	Pseudomonas sp. P5_A2_2	5900258
GCA_054177705	ASM5417770v1	HvSC	SAMN42779354	Paenibacillus sp. P4_F12	7114739
GCA_054177725	ASM5417772v1	HvSC	SAMN42779326	Rhodococcus sp. P4_D10	10076763
GCA_054177745	ASM5417774v1	HvSC	SAMN42779242	Rhizobacter sp. P2_G12	6903822
GCA_056393805	ASM5639380v1	AtSC	SAMN42773612	Caulobacter sp. 10T49	5291987
GCA_056393825	ASM5639382v1	AtSC	SAMN42773610	Caulobacter sp. 10T46	5292199
GCA_056393845	ASM5639384v1	AtSC	SAMN42773611	Agrobacterium sp. 10T48	5757674
GCA_056393865	ASM5639386v1	AtSC	SAMN42773609	Cupriavidus sp. 10T45	5954436
GCA_056393885	ASM5639388v1	AtSC	SAMN42773608	Arthrobacter sp. 10T44	3614177
GCA_056393905	ASM5639390v1	AtSC	SAMN42773607	Cupriavidus sp. 10T430	5979162
GCA_056393925	ASM5639392v1	AtSC	SAMN42773606	Agrobacterium sp. 10T429	5623895
GCA_056393945	ASM5639394v1	AtSC	SAMN42773604	Microbacterium sp. 10T427	4219587
GCA_056393965	ASM5639396v1	AtSC	SAMN42773603	Pedobacter sp. 10T426	6528687
GCA_056393985	ASM5639398v1	AtSC	SAMN42773602	Arthrobacter sp. 10T425	4493550
GCA_056394005	ASM5639400v1	AtSC	SAMN42773601	Cupriavidus sp. 10T424	6018422
GCA_056394025	ASM5639402v1	AtSC	SAMN42773600	Rhizobium sp. 10T423_2	5649023
GCA_056394045	ASM5639404v1	AtSC	SAMN42773599	Achromobacter sp. 10T423	6646189
GCA_056394065	ASM5639406v1	AtSC	SAMN42773598	Achromobacter sp. 10T422	6674302
GCA_056394085	ASM5639408v1	AtSC	SAMN42773597	Pseudomonas sp. 10T42	4779204
GCA_056394105	ASM5639410v1	AtSC	SAMN42773596	Arthrobacter sp. 10T419	3840686
GCA_056394125	ASM5639412v1	AtSC	SAMN42773595	Chitinophaga sp. 10T418	9218880
GCA_056394145	ASM5639414v1	AtSC	SAMN42773594	Cupriavidus sp. 10T417	5765413
GCA_056394165	ASM5639416v1	AtSC	SAMN42773593	Arthrobacter sp. 10T416	3446184
GCA_056394175	ASM5639417v1	AtSC	SAMN42773592	Pseudarthrobacter sp. 10T415	4653369
GCA_056394205	ASM5639420v1	AtSC	SAMN42773591	Arthrobacter sp. 10T413_2	4993467
GCA_056394225	ASM5639422v1	AtSC	SAMN42773590	Cupriavidus sp. 10T413	6692885
GCA_056394245	ASM5639424v1	AtSC	SAMN42773589	Pseudomonas sp. 10T411	6584450
GCA_056394265	ASM5639426v1	AtSC	SAMN42773588	Cupriavidus sp. 10T410	8790546
GCA_056394285	ASM5639428v1	AtSC	SAMN42773586	Pseudomonas sp. 10T36	6283273
GCA_056394305	ASM5639430v1	AtSC	SAMN42773587	Pseudomonas sp. 10T41	6579533
GCA_056394325	ASM5639432v1	AtSC	SAMN42773585	Stenotrophomonas sp. 10T35_2	4737595
GCA_056394345	ASM5639434v1	AtSC	SAMN42773584	Pseudomonas sp. 10T33	6577999
GCA_056394365	ASM5639436v1	AtSC	SAMN42773583	Lysinibacillus sp. 10T31	5394525
GCA_056394385	ASM5639438v1	AtSC	SAMN42773582	Arthrobacter sp. 10N44_2	4532437
GCA_056394405	ASM5639440v1	AtSC	SAMN42773580	Leifsonia sp. 10N434	4053221
GCA_056394425	ASM5639442v1	AtSC	SAMN42773581	Cupriavidus sp. 10N44_1	6739381
GCA_056394445	ASM5639444v1	AtSC	SAMN42773579	Cupriavidus sp. 10N433	6702595
GCA_056394465	ASM5639446v1	AtSC	SAMN42773578	Variovorax sp. 10N432	7564950
GCA_056394485	ASM5639448v1	AtSC	SAMN42773577	Pseudomonas sp. 10N431	6513703
GCA_056394505	ASM5639450v1	AtSC	SAMN42773576	Pedobacter sp. 10N430	6515248
GCA_056394525	ASM5639452v1	AtSC	SAMN42773575	Arthrobacter sp. 10N43	5018548
GCA_056394545	ASM5639454v1	AtSC	SAMN42773573	Allobosea sp. 10N428	5733370
GCA_056394565	ASM5639456v1	AtSC	SAMN42773574	Caulobacter sp. 10N429	5291564
GCA_056394585	ASM5639458v1	AtSC	SAMN42773571	Achromobacter sp. 10N425_2	5751480
GCA_056394605	ASM5639460v1	AtSC	SAMN42773572	Rhizobium sp. 10N427	6250640
GCA_056394625	ASM5639462v1	AtSC	SAMN42773569	Arthrobacter sp. 10N423	4930816
GCA_056394645	ASM5639464v1	AtSC	SAMN42773570	Achromobacter sp. 10N424	6673156
GCA_056394665	ASM5639466v1	AtSC	SAMN42773568	Stenotrophomonas sp. 10N422	4250562
GCA_056394685	ASM5639468v1	AtSC	SAMN42773567	Stenotrophomonas sp. 10N421	4710762
GCA_056394705	ASM5639470v1	AtSC	SAMN42773566	Variovorax sp. 10N420	6346791
GCA_056394725	ASM5639472v1	AtSC	SAMN42773565	Arthrobacter sp. 10N418	4101728
GCA_056394745	ASM5639474v1	AtSC	SAMN42773564	Paenarthrobacter sp. 10N417	5720432
GCA_056394765	ASM5639476v1	AtSC	SAMN42773563	Mycoplana sp. 10N416	5426679
GCA_056394785	ASM5639478v1	AtSC	SAMN42773562	Rhizobium sp. 10N414	6466816
GCA_056394945	ASM5639494v1	AtSC	SAMN42773560	Arthrobacter sp. 10N410	3589588
GCA_056394965	ASM5639496v1	AtSC	SAMN42773559	Cupriavidus sp. 10N41_2	5970031
GCA_056394985	ASM5639498v1	AtSC	SAMN42773561	Variovorax sp. 10N412	7005360
GCA_056395005	ASM5639500v1	AtSC	SAMN42773557	Stenotrophomonas sp. 10N36	4608650
GCA_056395025	ASM5639502v1	AtSC	SAMN42773558	Cupriavidus sp. 10N41	8975271
GCA_056395045	ASM5639504v1	AtSC	SAMN42773556	Cupriavidus sp. 10N35	8789897
GCA_056395065	ASM5639506v1	AtSC	SAMN42773555	Pseudomonas sp. 10N34	6292005
GCA_056395085	ASM5639508v1	AtSC	SAMN42773554	Cupriavidus sp. 10N33	9036055
GCA_056395105	ASM5639510v1	AtSC	SAMN42773552	Stenotrophomonas sp. 10L48	4705373
GCA_056395125	ASM5639512v1	AtSC	SAMN42773553	Microbacterium sp. 10L49	3988127
GCA_056395145	ASM5639514v1	AtSC	SAMN42773551	Cupriavidus sp. 10L47	6034913
GCA_056395165	ASM5639516v1	AtSC	SAMN42773550	Pedobacter sp. 10L46_2	5996256
GCA_056395185	ASM5639518v1	AtSC	SAMN42773549	Stenotrophomonas sp. 10L46	4705523
GCA_056395205	ASM5639520v1	AtSC	SAMN42773548	Stenotrophomonas sp. 10L45_2	4689424
GCA_056395225	ASM5639522v1	AtSC	SAMN42773547	Cupriavidus sp. 10L45	5977599
GCA_056395245	ASM5639524v1	AtSC	SAMN42773546	Arthrobacter sp. 10L430	4669080
GCA_056395265	ASM5639526v1	AtSC	SAMN42773545	Cupriavidus sp. 10L43_2	5996664
GCA_056395285	ASM5639528v1	AtSC	SAMN42773543	Cupriavidus sp. 10L425	5926185
GCA_056395305	ASM5639530v1	AtSC	SAMN42773544	Variovorax sp. 10L426	6205077
GCA_056395325	ASM5639532v1	AtSC	SAMN42773542	Arthrobacter sp. 10L424	4112023
GCA_056395345	ASM5639534v1	AtSC	SAMN42773541	Allobosea sp. 10L422	5781550
GCA_056395365	ASM5639536v1	AtSC	SAMN42773540	Variovorax sp. 10L421	6280994
GCA_056395385	ASM5639538v1	AtSC	SAMN42773539	Paenarthrobacter sp. 10L420	5495812
GCA_056395405	ASM5639540v1	AtSC	SAMN42773538	Cupriavidus sp. 10L42	5989990
GCA_056395425	ASM5639542v1	AtSC	SAMN42773537	Caulobacter sp. 10L419	5290171
GCA_056395445	ASM5639544v1	AtSC	SAMN42773536	Leifsonia sp. 10L418	4183124
GCA_056395465	ASM5639546v1	AtSC	SAMN42773535	Variovorax sp. 10L417_2	6672902
GCA_056395485	ASM5639548v1	AtSC	SAMN42773534	Allobosea sp. 10L417	5873907
GCA_056395505	ASM5639550v1	AtSC	SAMN42773533	Cupriavidus sp. 10L415	6679861
GCA_056395525	ASM5639552v1	AtSC	SAMN42773532	Caulobacter sp. 10L414	5294287
GCA_056395545	ASM5639554v1	AtSC	SAMN42773531	Cupriavidus sp. 10L413	5965007
GCA_056395565	ASM5639556v1	AtSC	SAMN42773530	Paenarthrobacter sp. 10L412	5252310
GCA_056395585	ASM5639558v1	AtSC	SAMN42773529	Cupriavidus sp. 10L411	7543395
GCA_056395605	ASM5639560v1	AtSC	SAMN42773528	Stenotrophomonas sp. 10L410	4708581
GCA_056395625	ASM5639562v1	AtSC	SAMN42773527	Pseudomonas sp. 10L39	6395918
GCA_056395645	ASM5639564v1	AtSC	SAMN42773526	Bacillus sp. 10L38	5799769
GCA_056395665	ASM5639566v1	AtSC	SAMN42773525	Pseudomonas sp. 10L37	5600175
GCA_056395685	ASM5639568v1	AtSC	SAMN42773523	Priestia sp. 10L35	5524878
GCA_056395705	ASM5639570v1	AtSC	SAMN42773524	Pseudomonas sp. 10L36	6264337
GCA_056395725	ASM5639572v1	AtSC	SAMN42773522	Pseudomonas sp. 10L32	6279305
GCA_056395745	ASM5639574v1	AtSC	SAMN42773521	Paenibacillus sp. 10L310	7143219
GCA_056395765	ASM5639576v1	AtSC	SAMN42773520	Pseudomonas sp. 10L31	6282246
GCA_056395785	ASM5639578v1	AtSC	SAMN42773519	Caulobacter sp. 05T49	5294962
GCA_056395805	ASM5639580v1	AtSC	SAMN42773518	Microbacterium sp. 05T48	4203004
GCA_056395825	ASM5639582v1	AtSC	SAMN42773517	Arthrobacter sp. 05T47	5083011
GCA_056395845	ASM5639584v1	AtSC	SAMN42773516	Stenotrophomonas sp. 05T46	4706760
GCA_056395865	ASM5639586v1	AtSC	SAMN42773514	Microbacterium sp. 05T445	3958185
GCA_056395875	ASM5639587v1	AtSC	SAMN42773515	Arthrobacter sp. 05T45	4788372
GCA_056395905	ASM5639590v1	AtSC	SAMN42773513	Arthrobacter sp. 05T444	4764419
GCA_056395925	ASM5639592v1	AtSC	SAMN42773512	Stenotrophomonas sp. 05T443	4709827
GCA_056395945	ASM5639594v1	AtSC	SAMN42773511	Arthrobacter sp. 05T442	4146975
GCA_056395965	ASM5639596v1	AtSC	SAMN42773510	Dyella sp. 05T440	4670827
GCA_056395985	ASM5639598v1	AtSC	SAMN42773509	Pedobacter sp. 05T44	6123595
GCA_056396005	ASM5639600v1	AtSC	SAMN42773508	Allobosea sp. 05T439	7484990
GCA_056396025	ASM5639602v1	AtSC	SAMN42773507	Allobosea sp. 05T438	6212677
GCA_056396045	ASM5639604v1	AtSC	SAMN42773506	Cupriavidus sp. 05T437	5986693
GCA_056396065	ASM5639606v1	AtSC	SAMN42773505	Allobosea sp. 05T433	7400941
GCA_056396085	ASM5639608v1	AtSC	SAMN42773504	Caulobacter sp. 05T432	5289813
GCA_056396105	ASM5639610v1	AtSC	SAMN42773502	Cupriavidus sp. 05T430	6135780
GCA_056396125	ASM5639612v1	AtSC	SAMN42773501	Cupriavidus sp. 05T429	5900173
GCA_056396145	ASM5639614v1	AtSC	SAMN42773500	Caulobacter sp. 05T428	5293358
GCA_056396165	ASM5639616v1	AtSC	SAMN42773499	Cupriavidus sp. 05T427	5926910
GCA_056396175	ASM5639617v1	AtSC	SAMN42773498	Pseudomonas sp. 05T426	6397869
GCA_056396205	ASM5639620v1	AtSC	SAMN42773497	Paenibacillus sp. 05T425	7162161
GCA_056396225	ASM5639622v1	AtSC	SAMN42773496	Terrabacter sp. 05T424	4805522
GCA_056396245	ASM5639624v1	AtSC	SAMN42773495	Arthrobacter sp. 05T423	5191572
GCA_056396265	ASM5639626v1	AtSC	SAMN42773494	Allobosea sp. 05T422_2	7471645
GCA_056396285	ASM5639628v1	AtSC	SAMN42773493	Cupriavidus sp. 05T422	6648461
GCA_056396305	ASM5639630v1	AtSC	SAMN42773491	Arthrobacter sp. 05T420	4651063
GCA_056396325	ASM5639632v1	AtSC	SAMN42773492	Lysobacter sp. 05T421	3468552
GCA_056396345	ASM5639634v1	AtSC	SAMN42773490	Cupriavidus sp. 05T42	5939997
GCA_056396365	ASM5639636v1	AtSC	SAMN42773489	Cupriavidus sp. 05T419	6650284
GCA_056396385	ASM5639638v1	AtSC	SAMN42773488	Variovorax sp. 05T418	6605217
GCA_056396405	ASM5639640v1	AtSC	SAMN42773487	Lysobacter sp. 05T417	3813527
GCA_056396425	ASM5639642v1	AtSC	SAMN42773486	Lysobacter sp. 05T416	3809916
GCA_056396445	ASM5639644v1	AtSC	SAMN42773485	Variovorax sp. 05T414	6706389
GCA_056396465	ASM5639646v1	AtSC	SAMN42773484	Chitinophaga sp. 05T412	8726731
GCA_056396485	ASM5639648v1	AtSC	SAMN42773483	Psychrobacillus sp. 05T411	4230864
GCA_056396505	ASM5639650v1	AtSC	SAMN42773482	Arthrobacter sp. 05T410	4856292
GCA_056396525	ASM5639652v1	AtSC	SAMN42773481	Cupriavidus sp. 05T41	8796191
GCA_056396545	ASM5639654v1	AtSC	SAMN42773480	Stenotrophomonas sp. 05T38	4705707
GCA_056396565	ASM5639656v1	AtSC	SAMN42773479	Pseudomonas sp. 05T37	7047256
GCA_056396585	ASM5639658v1	AtSC	SAMN42773478	Pseudomonas sp. 05T36	6512596
GCA_056396605	ASM5639660v1	AtSC	SAMN42773477	Pseudomonas sp. 05T35	6064438
GCA_056396625	ASM5639662v1	AtSC	SAMN42773476	Pseudomonas sp. 05T34	6491128
GCA_056396645	ASM5639664v1	AtSC	SAMN42773475	Pseudomonas sp. 05T33	6276780
GCA_056396665	ASM5639666v1	AtSC	SAMN42773474	Cupriavidus sp. 05T313	8920325
GCA_056396685	ASM5639668v1	AtSC	SAMN42773473	Pseudarthrobacter sp. 05T312	4714254
GCA_056396705	ASM5639670v1	AtSC	SAMN42773472	Pseudomonas sp. 05T310	6504761
GCA_056396725	ASM5639672v1	AtSC	SAMN42773471	Bacillus sp. 05T31	5718345
GCA_056396745	ASM5639674v1	AtSC	SAMN42773470	Stenotrophomonas sp. 05T23	4691739
GCA_056396765	ASM5639676v1	AtSC	SAMN42773469	Bacillus sp. 05T22	5380588
GCA_056396785	ASM5639678v1	AtSC	SAMN42773468	Bacillus sp. 05T21	6283810
GCA_056396805	ASM5639680v1	AtSC	SAMN42773467	Rhizobium sp. 05N49	7364426
GCA_056396825	ASM5639682v1	AtSC	SAMN42773466	Cupriavidus sp. 05N47	6723727
GCA_056396845	ASM5639684v1	AtSC	SAMN42773465	Cupriavidus sp. 05N45	5996641
GCA_056396865	ASM5639686v1	AtSC	SAMN42773462	Pseudomonas sp. 05N435	6586062
GCA_056396885	ASM5639688v1	AtSC	SAMN42773463	Caulobacter sp. 05N436	5290335
GCA_056396905	ASM5639690v1	AtSC	SAMN42773464	Bacillus sp. 05N44	5936015
GCA_056396925	ASM5639692v1	AtSC	SAMN42773460	Pseudomonas sp. 05N433	6481000
GCA_056396945	ASM5639694v1	AtSC	SAMN42773459	Pseudomonas sp. 05N432	6294581
GCA_056396965	ASM5639696v1	AtSC	SAMN42773461	Pseudomonas sp. 05N434	6254773
GCA_056396985	ASM5639698v1	AtSC	SAMN42773457	Rhizobium sp. 05N430	6107965
GCA_056397005	ASM5639700v1	AtSC	SAMN42773458	Pseudomonas sp. 05N431	6310903
GCA_056397025	ASM5639702v1	AtSC	SAMN42773456	Bacillus sp. 05N43	5992189
GCA_056397045	ASM5639704v1	AtSC	SAMN42773455	Arthrobacter sp. 05N429	4121719
GCA_056397065	ASM5639706v1	AtSC	SAMN42773454	Arthrobacter sp. 05N428_2	3902771
GCA_056397085	ASM5639708v1	AtSC	SAMN42773453	Peribacillus sp. 05N428	6060998
GCA_056397105	ASM5639710v1	AtSC	SAMN42773452	Microbacterium sp. 05N427	4174821
GCA_056397125	ASM5639712v1	AtSC	SAMN42773451	Arthrobacter sp. 05N425	3655537
GCA_056397145	ASM5639714v1	AtSC	SAMN42773450	Stenotrophomonas sp. 05N423	3757307
GCA_056397165	ASM5639716v1	AtSC	SAMN42773449	Variovorax sp. 05N422	6704059
GCA_056397185	ASM5639718v1	AtSC	SAMN42773447	Stenotrophomonas sp. 05N42	4704194
GCA_056397205	ASM5639720v1	AtSC	SAMN42773448	Massilia sp. 05N420	5969512
GCA_056397225	ASM5639722v1	AtSC	SAMN42773446	Cupriavidus sp. 05N419	6723745
GCA_056397245	ASM5639724v1	AtSC	SAMN42773445	Cupriavidus sp. 05N414	5755912
GCA_056397265	ASM5639726v1	AtSC	SAMN42773444	Pedobacter sp. 05N413	6183324
GCA_056397285	ASM5639728v1	AtSC	SAMN42773443	Cupriavidus sp. 05N411	5920537
GCA_056397305	ASM5639730v1	AtSC	SAMN42773442	Cupriavidus sp. 05N40	8787092
GCA_056397325	ASM5639732v1	AtSC	SAMN42773441	Cupriavidus sp. 05N39	8971574
GCA_056397345	ASM5639734v1	AtSC	SAMN42773440	Cupriavidus sp. 05N38	8823266
GCA_056397365	ASM5639736v1	AtSC	SAMN42773439	Stenotrophomonas sp. 05N37	4522255
GCA_056397385	ASM5639738v1	AtSC	SAMN42773438	Pseudomonas sp. 05N36	6059089
GCA_056397405	ASM5639740v1	AtSC	SAMN42773437	Variovorax sp. 05N34	6310653
GCA_056397425	ASM5639742v1	AtSC	SAMN42773436	Arthrobacter sp. 05N33_2	4448282
GCA_056397445	ASM5639744v1	AtSC	SAMN42773435	Neorhizobium sp. 05N33	6318303
GCA_056397465	ASM5639746v1	AtSC	SAMN42773434	Arthrobacter sp. 05N32	4464107
GCA_056397485	ASM5639748v1	AtSC	SAMN42773433	Arthrobacter sp. 05N31	4461038
GCA_056397505	ASM5639750v1	AtSC	SAMN42773432	Stenotrophomonas sp. 05L47	4703372
GCA_056397525	ASM5639752v1	AtSC	SAMN42773431	Arthrobacter sp. 05L45_2	3344273
GCA_056397545	ASM5639754v1	AtSC	SAMN42773430	Cupriavidus sp. 05L45	5990090
GCA_056397565	ASM5639756v1	AtSC	SAMN42773429	Lysinibacillus sp. 05L44_3	4288898
GCA_056397585	ASM5639758v1	AtSC	SAMN42773426	Pedobacter sp. 05L430	6077924
GCA_056397605	ASM5639760v1	AtSC	SAMN42773427	Arthrobacter sp. 05L44	3409294
GCA_056397625	ASM5639762v1	AtSC	SAMN42773425	Cupriavidus sp. 05L43	6710581
GCA_056397645	ASM5639764v1	AtSC	SAMN42773424	Rhizobium sp. 05L429	7254494
GCA_056397665	ASM5639766v1	AtSC	SAMN42773423	Arthrobacter sp. 05L428	3624513
GCA_056397685	ASM5639768v1	AtSC	SAMN42773422	Microvirga sp. 05L427	4076063
GCA_056397705	ASM5639770v1	AtSC	SAMN42773421	Variovorax sp. 05L425	6240136
GCA_056397725	ASM5639772v1	AtSC	SAMN42773420	Bacillus sp. 05L423_2	3289173
GCA_056397745	ASM5639774v1	AtSC	SAMN42773419	Allobosea sp. 05L423	6364917
GCA_056397765	ASM5639776v1	AtSC	SAMN42773418	Caulobacter sp. 05L422	5445883
GCA_056397785	ASM5639778v1	AtSC	SAMN42773417	Arthrobacter sp. 05L421	4787196
GCA_056397805	ASM5639780v1	AtSC	SAMN42773416	Pedobacter sp. 05L420	6121766
GCA_056397825	ASM5639782v1	AtSC	SAMN42773415	Cupriavidus sp. 05L42	8525895
GCA_056397845	ASM5639784v1	AtSC	SAMN42773414	Rhizobium sp. 05L419	6320201
GCA_056397865	ASM5639786v1	AtSC	SAMN42773413	Arthrobacter sp. 05L417	5647678
GCA_056397885	ASM5639788v1	AtSC	SAMN42773412	Lysobacter sp. 05L416	3714828
GCA_056397905	ASM5639790v1	AtSC	SAMN42773410	Stenotrophomonas sp. 05L414_2	4689132
GCA_056397925	ASM5639792v1	AtSC	SAMN42773409	Cupriavidus sp. 05L414	6739046
GCA_056397945	ASM5639794v1	AtSC	SAMN42773408	Stenotrophomonas sp. 05L413	4253184
GCA_056397965	ASM5639796v1	AtSC	SAMN42773406	Stenotrophomonas sp. 05L412_3	4700670
GCA_056397985	ASM5639798v1	AtSC	SAMN42773407	Bacillus sp. 05L412_4	5743441
GCA_056398005	ASM5639800v1	AtSC	SAMN42773405	Caulobacter sp. 05L412_2	5280107
GCA_056398025	ASM5639802v1	AtSC	SAMN42773404	Bacillus sp. 05L412	3793303
GCA_056398045	ASM5639804v1	AtSC	SAMN42773403	Cupriavidus sp. 05L411	8694256
GCA_056398065	ASM5639806v1	AtSC	SAMN42773402	Pseudomonas sp. 05L39	6291259
GCA_056398085	ASM5639808v1	AtSC	SAMN42773401	Stenotrophomonas sp. 05L38_2	4633195
GCA_056398105	ASM5639810v1	AtSC	SAMN42773400	Stenotrophomonas sp. 05L36_2	4693059
GCA_056398125	ASM5639812v1	AtSC	SAMN42773399	Pseudomonas sp. 05L36	6507569
GCA_056398145	ASM5639814v1	AtSC	SAMN42773398	Stenotrophomonas sp. 05L34_2	4630273
GCA_056398165	ASM5639816v1	AtSC	SAMN42773397	Pseudomonas sp. 05L32	6433522
GCA_056398185	ASM5639818v1	AtSC	SAMN42773396	Cupriavidus sp. 05L310	9179595
GCA_056398205	ASM5639820v1	AtSC	SAMN42773395	Pedobacter sp. 01T49	6524206
GCA_056398225	ASM5639822v1	AtSC	SAMN42773394	Arthrobacter sp. 01T47_2	4817654
GCA_056398245	ASM5639824v1	AtSC	SAMN42773393	Paenibacillus sp. 01T47	7874867
GCA_056398265	ASM5639826v1	AtSC	SAMN42773392	Caulobacter sp. 01T46	5276421
GCA_056398285	ASM5639828v1	AtSC	SAMN42773391	Dyella sp. 01T445	4755031
GCA_056398305	ASM5639830v1	AtSC	SAMN42773390	Rhizobium sp. 01T444	7737132
GCA_056398325	ASM5639832v1	AtSC	SAMN42773389	Paenibacillus sp. 01T443	7658379
GCA_056398345	ASM5639834v1	AtSC	SAMN42773388	Paenibacillus sp. 01T442	8104554
GCA_056398365	ASM5639836v1	AtSC	SAMN42773387	Allobosea sp. 01T441	6292709
GCA_056398385	ASM5639838v1	AtSC	SAMN42773386	Variovorax sp. 01T440	6701147
GCA_056398405	ASM5639840v1	AtSC	SAMN42773385	Cupriavidus sp. 01T44	6247493
GCA_056398425	ASM5639842v1	AtSC	SAMN42773383	Microbacterium sp. 01T439	3938639
GCA_056398445	ASM5639844v1	AtSC	SAMN42773384	Variovorax sp. 01T439_2	6339481
GCA_056398465	ASM5639846v1	AtSC	SAMN42773382	Dyella sp. 01T438	4708693
GCA_056398485	ASM5639848v1	AtSC	SAMN42773380	Rhizobium sp. 01T436	7652826
GCA_056398505	ASM5639850v1	AtSC	SAMN42773381	Rhizobium sp. 01T437	7429404
GCA_056398525	ASM5639852v1	AtSC	SAMN42773379	Arthrobacter sp. 01T435	4628241
GCA_056398545	ASM5639854v1	AtSC	SAMN42773378	Terrabacter sp. 01T434	4718869
GCA_056398565	ASM5639856v1	AtSC	SAMN42773377	Allobosea sp. 01T433_2	6444336
GCA_056398585	ASM5639858v1	AtSC	SAMN42773376	Aminobacter sp. 01T433	6220124
GCA_056398605	ASM5639860v1	AtSC	SAMN42773375	Variovorax sp. 01T432	7332678
GCA_056398625	ASM5639862v1	AtSC	SAMN42773374	Paenibacillus sp. 01T431	7813447
GCA_056398645	ASM5639864v1	AtSC	SAMN42773373	Cupriavidus sp. 01T430	5947135
GCA_056398665	ASM5639866v1	AtSC	SAMN42773372	Pseudarthrobacter sp. 01T43	4211326
GCA_056398685	ASM5639868v1	AtSC	SAMN42773371	Arthrobacter sp. 01T428	4985152
GCA_056398705	ASM5639870v1	AtSC	SAMN42773370	Aminobacter sp. 01T427	6225854
GCA_056398725	ASM5639872v1	AtSC	SAMN42773369	Arthrobacter sp. 01T425	4694532
GCA_056398745	ASM5639874v1	AtSC	SAMN42773368	Paenibacillus sp. 01T424	7791033
GCA_056398765	ASM5639876v1	AtSC	SAMN42773367	Cupriavidus sp. 01T423	6140180
GCA_056398785	ASM5639878v1	AtSC	SAMN42773366	Paenibacillus sp. 01T422	7956330
GCA_056398805	ASM5639880v1	AtSC	SAMN42773365	Hyphomicrobium sp. 01T421	4483441
GCA_056398825	ASM5639882v1	AtSC	SAMN42773364	Stenotrophomonas sp. 01T420	4703807
GCA_056398845	ASM5639884v1	AtSC	SAMN42773363	Bacillus sp. 01T419_2	5941159
GCA_056398865	ASM5639886v1	AtSC	SAMN42773362	Arthrobacter sp. 01T419	4821853
GCA_056398885	ASM5639888v1	AtSC	SAMN42773361	Cupriavidus sp. 01T418	7795897
GCA_056398905	ASM5639890v1	AtSC	SAMN42773360	Rhizobium sp. 01T417	6577482
GCA_056398925	ASM5639892v1	AtSC	SAMN42773359	Pedobacter sp. 01T416_2	6263123
GCA_056398945	ASM5639894v1	AtSC	SAMN42773358	Dyella sp. 01T416	4738129
GCA_056398965	ASM5639896v1	AtSC	SAMN42773357	Arthrobacter sp. 01T414	3587663
GCA_056398985	ASM5639898v1	AtSC	SAMN42773356	Microbacterium sp. 01T413_2	3938838
GCA_056399005	ASM5639900v1	AtSC	SAMN42773355	Caulobacter sp. 01T412	5291649
GCA_056399025	ASM5639902v1	AtSC	SAMN42773354	Stenotrophomonas sp. 01T411	4698380
GCA_056399045	ASM5639904v1	AtSC	SAMN42773353	Cupriavidus sp. 01T41	5542588
GCA_056399065	ASM5639906v1	AtSC	SAMN42773352	Stenotrophomonas sp. 01T39	4708651
GCA_056399085	ASM5639908v1	AtSC	SAMN42773351	Stenotrophomonas sp. 01T37	4700692
GCA_056399105	ASM5639910v1	AtSC	SAMN42773350	Bacillus sp. 01T32	5675936
GCA_056399125	ASM5639912v1	AtSC	SAMN42773349	Pseudomonas sp. 01T31	6597759
GCA_056399145	ASM5639914v1	AtSC	SAMN42773348	Rhizobium sp. 01N48	4767835
GCA_056399165	ASM5639916v1	AtSC	SAMN42773347	Stenotrophomonas sp. 01N47	4641215
GCA_056399185	ASM5639918v1	AtSC	SAMN42773346	Stenotrophomonas sp. 01N46	4711266
GCA_056399205	ASM5639920v1	AtSC	SAMN42773345	Bacillus sp. 01N45	5778234
GCA_056399225	ASM5639922v1	AtSC	SAMN42773344	Dyella sp. 01N448	4795504
GCA_056399245	ASM5639924v1	AtSC	SAMN42773343	Rhizobium sp. 01N447_2	7805241
GCA_056399265	ASM5639926v1	AtSC	SAMN42773342	Pedobacter sp. 01N447	6507938
GCA_056399285	ASM5639928v1	AtSC	SAMN42773341	Mesorhizobium sp. 01N446	7162154
GCA_056399305	ASM5639930v1	AtSC	SAMN42773340	Arthrobacter sp. 01N444	4563647
GCA_056399325	ASM5639932v1	AtSC	SAMN42773339	Allobosea sp. 01N443	7488124
GCA_056399345	ASM5639934v1	AtSC	SAMN42773338	Arthrobacter sp. 01N442	3644786
GCA_056399365	ASM5639936v1	AtSC	SAMN42773337	Cupriavidus sp. 01N44	6856886
GCA_056399385	ASM5639938v1	AtSC	SAMN42773336	Cupriavidus sp. 01N43	6004655
GCA_056399405	ASM5639940v1	AtSC	SAMN42773334	Phyllobacterium sp. 01N428	4694048
GCA_056399425	ASM5639942v1	AtSC	SAMN42773335	Variovorax sp. 01N429	6495263
GCA_056399445	ASM5639944v1	AtSC	SAMN42773333	Caulobacter sp. 01N427	5292827
GCA_056399465	ASM5639946v1	AtSC	SAMN42773332	Variovorax sp. 01N425	6842203
GCA_056399485	ASM5639948v1	AtSC	SAMN42773331	Rhizobium sp. 01N424	6034873
GCA_056399505	ASM5639950v1	AtSC	SAMN42773330	Pedobacter sp. 01N423	6125265
GCA_056399525	ASM5639952v1	AtSC	SAMN42773329	Stenotrophomonas sp. 01N422	4705246
GCA_056399545	ASM5639954v1	AtSC	SAMN42773328	Pseudomonas sp. 01N42_3	4865748
GCA_056399565	ASM5639956v1	AtSC	SAMN42773327	Bacillus sp. 01N42_2	3769664
GCA_056399585	ASM5639958v1	AtSC	SAMN42773326	Cupriavidus sp. 01N419	6093384
GCA_056399605	ASM5639960v1	AtSC	SAMN42773324	Variovorax sp. 01N418	6701208
GCA_056399625	ASM5639962v1	AtSC	SAMN42773325	Allobosea sp. 01N418_2	6834774
GCA_056399645	ASM5639964v1	AtSC	SAMN42773323	Massilia sp. 01N417	5851931
GCA_056399665	ASM5639966v1	AtSC	SAMN42773320	Massilia sp. 01N410	5938639
GCA_056399685	ASM5639968v1	AtSC	SAMN42773322	Pedobacter sp. 01N416	6342506
GCA_056399705	ASM5639970v1	AtSC	SAMN42773319	Dyella sp. 01N38	4837629
GCA_056399725	ASM5639972v1	AtSC	SAMN42773318	Achromobacter sp. 01N37	6660142
GCA_056399745	ASM5639974v1	AtSC	SAMN42773317	Dyella sp. 01N36	4780089
GCA_056399765	ASM5639976v1	AtSC	SAMN42773315	Pseudomonas sp. 01N33	6847105
GCA_056399785	ASM5639978v1	AtSC	SAMN42773316	Brevundimonas sp. 01N35	3047879
GCA_056399805	ASM5639980v1	AtSC	SAMN42773314	Pedobacter sp. 01N310	5101838
GCA_056399825	ASM5639982v1	AtSC	SAMN42773312	Cupriavidus sp. 01L49	6274225
GCA_056399845	ASM5639984v1	AtSC	SAMN42773313	Caulobacter sp. 01L49_2	5172671
GCA_056399865	ASM5639986v1	AtSC	SAMN42773311	Stenotrophomonas sp. 01L47	4709917
GCA_056399885	ASM5639988v1	AtSC	SAMN42773309	Cupriavidus sp. 01L45	8829357
GCA_056399905	ASM5639990v1	AtSC	SAMN42773310	Cupriavidus sp. 01L46	8261867
GCA_056399925	ASM5639992v1	AtSC	SAMN42773308	Cupriavidus sp. 01L43	6051219
GCA_056399945	ASM5639994v1	AtSC	SAMN42773307	Dyella sp. 01L423	4699066
GCA_056399965	ASM5639996v1	AtSC	SAMN42773306	Caulobacter sp. 01L422	5288518
GCA_056399985	ASM5639998v1	AtSC	SAMN42773305	Chitinophaga sp. 01L420	9394265
GCA_056400005	ASM5640000v1	AtSC	SAMN42773304	Arthrobacter sp. 01L42	4650053
GCA_056400025	ASM5640002v1	AtSC	SAMN42773303	Rhizobium sp. 01L419	7432202
GCA_056400045	ASM5640004v1	AtSC	SAMN42773302	Paenibacillus sp. 01L418	7752437
GCA_056400065	ASM5640006v1	AtSC	SAMN42773300	Cupriavidus sp. 01L415	6664069
GCA_056400085	ASM5640008v1	AtSC	SAMN42773301	Pedobacter sp. 01L416	6519019
GCA_056400105	ASM5640010v1	AtSC	SAMN42773299	Cupriavidus sp. 01L414	9161954
GCA_056400125	ASM5640012v1	AtSC	SAMN42773298	Cupriavidus sp. 01L412	8560154
GCA_056400145	ASM5640014v1	AtSC	SAMN42773297	Pseudomonas sp. 01L411	6499050
GCA_056400165	ASM5640016v1	AtSC	SAMN42773296	Rhizobium sp. 01L410	5883767
GCA_056400185	ASM5640018v1	AtSC	SAMN42773294	Stenotrophomonas sp. 01L38	4710869
GCA_056400205	ASM5640020v1	AtSC	SAMN42773295	Cupriavidus sp. 01L41	8124345
GCA_056400225	ASM5640022v1	AtSC	SAMN42773293	Stenotrophomonas sp. 01L37	4704144
GCA_056400235	ASM5640023v1	AtSC	SAMN42773291	Pseudomonas sp. 01L33	6243305
GCA_056400265	ASM5640026v1	AtSC	SAMN42773292	Pseudomonas sp. 01L34	6507827
GCA_056400285	ASM5640028v1	AtSC	SAMN42773289	Pseudomonas sp. 01L31	6521572
GCA_056400305	ASM5640030v1	AtSC	SAMN42773605	Rhizobium sp. 10T428	6358295
GCA_056400325	ASM5640032v1	AtSC	SAMN42773290	Cupriavidus sp. 01L310	8797999
GCA_056400345	ASM5640034v1	HvSC	SAMN42779408	Microbacterium sp. P5_B6	4090184
GCA_056400365	ASM5640036v1	HvSC	SAMN42779407	Paenibacillus sp. P5_B5	5069892
GCA_056400385	ASM5640038v1	HvSC	SAMN42779406	Priestia sp. P5_B4	5516914
GCA_056400405	ASM5640040v1	HvSC	SAMN42779405	Pseudomonas sp. P5_B3	6372814
GCA_056400425	ASM5640042v1	HvSC	SAMN42779403	Lysobacter sp. P5_B12	3454265
GCA_056400445	ASM5640044v1	HvSC	SAMN42779404	Pseudomonas sp. P5_B2	6207338
GCA_056400465	ASM5640046v1	HvSC	SAMN42779402	Stenotrophomonas sp. P5_B11	4226680
GCA_056400485	ASM5640048v1	HvSC	SAMN42779401	Roseateles sp. P5_B10	6675639
GCA_056400505	ASM5640050v1	HvSC	SAMN42779400	Terrabacter sp. P5_B1	4461719
GCA_056400525	ASM5640052v1	HvSC	SAMN42779399	Stenotrophomonas sp. P5_A9	4589142
GCA_056400545	ASM5640054v1	HvSC	SAMN42779398	Stenotrophomonas sp. P5_A8	4513239
GCA_056400565	ASM5640056v1	HvSC	SAMN42779397	Stenotrophomonas sp. P5_A7	4566430
GCA_056400585	ASM5640058v1	HvSC	SAMN42779396	Mucilaginibacter sp. P5_A6	6678846
GCA_056400605	ASM5640060v1	HvSC	SAMN42779394	Mucilaginibacter sp. P5_A4	6550563
GCA_056400625	ASM5640062v1	HvSC	SAMN42779395	Allobosea sp. P5_A5	4719401
GCA_056400645	ASM5640064v1	HvSC	SAMN42779391	Burkholderiaceae bacterium P5_A2	6454668
GCA_056400665	ASM5640066v1	HvSC	SAMN42779393	Variovorax sp. P5_A3	7528657
GCA_056400685	ASM5640068v1	HvSC	SAMN42779390	Pseudomonas sp. P5_A12	6540756
GCA_056400705	ASM5640070v1	HvSC	SAMN42779389	Paenisporosarcina sp. P5_A11	3971838
GCA_056400725	ASM5640072v1	HvSC	SAMN42779388	Stenotrophomonas sp. P5_A10	4585125
GCA_056400745	ASM5640074v1	HvSC	SAMN42779387	Rhizobacter sp. P5_A1	5864983
GCA_056400765	ASM5640076v1	HvSC	SAMN42779385	Ramlibacter sp. P4_H7	5300156
GCA_056400785	ASM5640078v1	HvSC	SAMN42779386	Rhizorhabdus sp. P4_H7_2	3494814
GCA_056400805	ASM5640080v1	HvSC	SAMN42779384	Aminobacter sp. P4_H6_2	6146978
GCA_056400825	ASM5640082v1	HvSC	SAMN42779382	Allobosea sp. P4_H5	6367266
GCA_056400845	ASM5640084v1	HvSC	SAMN42779383	Mycobacterium sp. P4_H6	6601769
GCA_056400865	ASM5640086v1	HvSC	SAMN42779381	Cellulomonas sp. P4_H4	4174514
GCA_056400885	ASM5640088v1	HvSC	SAMN42779380	Arthrobacter sp. P4_H3	5395866
GCA_056400905	ASM5640090v1	HvSC	SAMN42779379	Cellulomonas sp. P4_H12	4194651
GCA_056400925	ASM5640092v1	HvSC	SAMN42779378	Alsobacter sp. P4_H11	5205056
GCA_056400945	ASM5640094v1	HvSC	SAMN42779376	Polaromonas sp. P4_H1	5389859
GCA_056400965	ASM5640096v1	HvSC	SAMN42779377	Asticcacaulis sp. P4_H10	4850001
GCA_056400985	ASM5640098v1	HvSC	SAMN42779375	Mucilaginibacter sp. P4_G9	6278255
GCA_056401005	ASM5640100v1	HvSC	SAMN42779373	Microvirga sp. P4_G7	4366440
GCA_056401025	ASM5640102v1	HvSC	SAMN42779374	Aminobacter sp. P4_G8	6384258
GCA_056401045	ASM5640104v1	HvSC	SAMN42779372	Rhizorhabdus sp. P4_G6	3868048
GCA_056401065	ASM5640106v1	HvSC	SAMN42779371	Rhizorhabdus sp. P4_G5	3920215
GCA_056401085	ASM5640108v1	HvSC	SAMN42779370	Nocardioides sp. P4_G4	4427173
GCA_056401105	ASM5640110v1	HvSC	SAMN42779369	Sphingomonas sp. P4_G3	4737564
GCA_056401155	ASM5640115v1	HvSC	SAMN42779368	Sphingomonas sp. P4_G2	4823930
GCA_056401175	ASM5640117v1	HvSC	SAMN42779365	Nocardioides sp. P4_G10	4807683
GCA_056401195	ASM5640119v1	HvSC	SAMN42779367	Rhodococcus sp. P4_G12	5273577
GCA_056401215	ASM5640121v1	HvSC	SAMN42779364	Tardiphaga sp. P4_G1	6493116
GCA_056401235	ASM5640123v1	HvSC	SAMN42779363	Polaromonas sp. P4_F9	5891496
GCA_056401255	ASM5640125v1	HvSC	SAMN42779362	Neorhizobium sp. P4_F8	6152564
GCA_056401275	ASM5640127v1	HvSC	SAMN42779360	Polaromonas sp. P4_F6	5127905
GCA_056401295	ASM5640129v1	HvSC	SAMN42779361	Aminobacter sp. P4_F7	6458450
GCA_056401315	ASM5640131v1	HvSC	SAMN42779359	Rhodococcus sp. P4_F5	5596382
GCA_056401335	ASM5640133v1	HvSC	SAMN42779357	Rhodococcus sp. P4_F3_2	7002580
GCA_056401355	ASM5640135v1	HvSC	SAMN42779358	Polaromonas sp. P4_F4	5441966
GCA_056401375	ASM5640137v1	HvSC	SAMN42779356	Rhodococcus sp. P4_F3_1_2	6116951
GCA_056401395	ASM5640139v1	HvSC	SAMN42779353	Arthrobacter sp. P4_F11	4596778
GCA_056401415	ASM5640141v1	HvSC	SAMN42779355	Priestia sp. P4_F2_1	5687105
GCA_056401435	ASM5640143v1	HvSC	SAMN42779352	Arthrobacter sp. P4_F10	5086156
GCA_056401455	ASM5640145v1	HvSC	SAMN42779351	Paenibacillus sp. P4_F1	8308370
GCA_056401475	ASM5640147v1	HvSC	SAMN42779350	Sphingomonas sp. P4_E9	4821928
GCA_056401495	ASM5640149v1	HvSC	SAMN42779349	Mucilaginibacter sp. P4_E8	7446228
GCA_056401515	ASM5640151v1	HvSC	SAMN42779348	Rhodococcus sp. P4_E7	10305447
GCA_056401535	ASM5640153v1	HvSC	SAMN42779347	Luteibacter sp. P4_E6	4807932
GCA_056401555	ASM5640155v1	HvSC	SAMN42779346	Caulobacter sp. P4_E5	5297987
GCA_056401575	ASM5640157v1	HvSC	SAMN42779344	Rhodococcus sp. P4_E4	6558470
GCA_056401595	ASM5640159v1	HvSC	SAMN42779345	Paenisporosarcina sp. P4_E4_2	3616463
GCA_056401615	ASM5640161v1	HvSC	SAMN42779343	Rhodococcus sp. P4_E3	6841785
GCA_056401635	ASM5640163v1	HvSC	SAMN42779340	Paenibacillus sp. P4_E11	7886920
GCA_056401655	ASM5640165v1	HvSC	SAMN42779341	Allobosea sp. P4_E12	7614424
GCA_056401675	ASM5640167v1	HvSC	SAMN42779339	Phenylobacterium sp. P4_E10	4188960
GCA_056401695	ASM5640169v1	HvSC	SAMN42779337	Variovorax sp. P4_D9	10438852
GCA_056401715	ASM5640171v1	HvSC	SAMN42779338	Bacillus sp. P4_E1	5544841
GCA_056401735	ASM5640173v1	HvSC	SAMN42779336	Luteibacter sp. P4_D7_3	4706270
GCA_056401755	ASM5640175v1	HvSC	SAMN42779334	Pseudomonas sp. P4_D7	6483878
GCA_056401775	ASM5640177v1	HvSC	SAMN42779335	Neorhizobium sp. P4_D7_2	6029934
GCA_056401795	ASM5640179v1	HvSC	SAMN42779333	Peribacillus sp. P4_D6	5500279
GCA_056401815	ASM5640181v1	HvSC	SAMN42779332	Aminobacter sp. P4_D5	7107190
GCA_056401835	ASM5640183v1	HvSC	SAMN42779331	Paenisporosarcina sp. P4_D4	3652133
GCA_056401855	ASM5640185v1	HvSC	SAMN42779330	Bacillus sp. P4_D3	5295471
GCA_056401875	ASM5640187v1	HvSC	SAMN42779329	Roseateles sp. P4_D2	6535744
GCA_056401895	ASM5640189v1	HvSC	SAMN42779328	Sphingomonas sp. P4_D12	4757219
GCA_056401915	ASM5640191v1	HvSC	SAMN42779327	Cellulomonas sp. P4_D11	4246634
GCA_056401935	ASM5640193v1	HvSC	SAMN42779325	Mucilaginibacter sp. P4_D1	7521546
GCA_056401955	ASM5640195v1	HvSC	SAMN42779324	Pseudomonas sp. P4_C9	5611232
GCA_056401975	ASM5640197v1	HvSC	SAMN42779323	Pseudomonas sp. P4_C8	6482645
GCA_056401995	ASM5640199v1	HvSC	SAMN42779322	Pseudomonas sp. P4_C7	6383010
GCA_056402015	ASM5640201v1	HvSC	SAMN42779321	Allobosea sp. P4_C6	5933998
GCA_056402035	ASM5640203v1	HvSC	SAMN42779320	Burkholderiaceae bacterium P4_C5	6687834
GCA_056402055	ASM5640205v1	HvSC	SAMN42779319	Pseudomonas sp. P4_C4	6589674
GCA_056402075	ASM5640207v1	HvSC	SAMN42779318	Pseudomonas sp. P4_C3	6530883
GCA_056402095	ASM5640209v1	HvSC	SAMN42779317	Peribacillus sp. P4_C12	5839214
GCA_056402115	ASM5640211v1	HvSC	SAMN42779316	Mucilaginibacter sp. P4_C11	7377493
GCA_056402135	ASM5640213v1	HvSC	SAMN42779315	Rhodococcus sp. P4_C10	5703049
GCA_056402155	ASM5640215v1	HvSC	SAMN42779314	Pseudomonas sp. P4_C1	6296014
GCA_056402175	ASM5640217v1	HvSC	SAMN42779313	Paenisporosarcina sp. P4_B8	3487388
GCA_056402195	ASM5640219v1	HvSC	SAMN42779312	Paenisporosarcina sp. P4_B7	3491323
GCA_056402215	ASM5640221v1	HvSC	SAMN42779311	Rhodococcus sp. P4_B6	10937089
GCA_056402235	ASM5640223v1	HvSC	SAMN42779310	Cellulomonas sp. P4_B5_2	4324486
GCA_056402255	ASM5640225v1	HvSC	SAMN42779308	Pseudomonas sp. P4_B4	6711045
GCA_056402275	ASM5640227v1	HvSC	SAMN42779309	Azospirillum sp. P4_B5	7059071
GCA_056402295	ASM5640229v1	HvSC	SAMN42779307	Pseudomonas sp. P4_B3	6511360
GCA_056402315	ASM5640231v1	HvSC	SAMN42779306	Pseudoxanthomonas sp. P4_B2	4173662
GCA_056402335	ASM5640233v1	HvSC	SAMN42779305	Allobosea sp. P4_B12	7627982
GCA_056402355	ASM5640235v1	HvSC	SAMN42779304	Variovorax sp. P4_B11	8446974
GCA_056402375	ASM5640237v1	HvSC	SAMN42779303	Variovorax sp. P4_B10	7165674
GCA_056402395	ASM5640239v1	HvSC	SAMN42779302	Peribacillus sp. P4_B1	5264654
GCA_056402415	ASM5640241v1	HvSC	SAMN42779301	Paenibacillus sp. P4_A9	6789095
GCA_056402435	ASM5640243v1	HvSC	SAMN42779300	Rahnella sp. P4_A8	5425597
GCA_056402455	ASM5640245v1	HvSC	SAMN42779299	Paenibacillus sp. P4_A7	7217467
GCA_056402475	ASM5640247v1	HvSC	SAMN42779298	Mucilaginibacter sp. P4_A6	7096128
GCA_056402495	ASM5640249v1	HvSC	SAMN42779297	Microvirga sp. P4_A5	4762269
GCA_056402515	ASM5640251v1	HvSC	SAMN42779296	Cellulomonas sp. P4_A2	4294802
GCA_056402535	ASM5640253v1	HvSC	SAMN42779294	Mucilaginibacter sp. P4_A11	7569881
GCA_056402555	ASM5640255v1	HvSC	SAMN42779295	Rhodococcus sp. P4_A12	5416344
GCA_056402575	ASM5640257v1	HvSC	SAMN42779293	Mucilaginibacter sp. P4_A10	7567102
GCA_056402595	ASM5640259v1	HvSC	SAMN42779291	Sphingomonas sp. P3_C6	5110566
GCA_056402615	ASM5640261v1	HvSC	SAMN42779292	Pedococcus sp. P3_C7	3974797
GCA_056402635	ASM5640263v1	HvSC	SAMN42779290	Sphingomonas sp. P3_C5	5597977
GCA_056402655	ASM5640265v1	HvSC	SAMN42779288	Bradyrhizobium sp. P3_C3	9033372
GCA_056402675	ASM5640267v1	HvSC	SAMN42779287	Polaromonas sp. P3_C2	4675475
GCA_056402695	ASM5640269v1	HvSC	SAMN42779289	Rhizobacter sp. P3_C4	6220546
GCA_056402715	ASM5640271v1	HvSC	SAMN42779285	Arthrobacter sp. P3_C11	4621482
GCA_056402735	ASM5640273v1	HvSC	SAMN42779286	Rhizobacter sp. P3_C12	7189358
GCA_056402755	ASM5640275v1	HvSC	SAMN42779284	Pedococcus sp. P3_C1	3984865
GCA_056402775	ASM5640277v1	HvSC	SAMN42779283	Rhodococcus sp. P3_B8	9415043
GCA_056402795	ASM5640279v1	HvSC	SAMN42779282	Azonexus sp. P3_B6	4344019
GCA_056402815	ASM5640281v1	HvSC	SAMN42779281	Mesorhizobium sp. P3_B5	6071215
GCA_056402835	ASM5640283v1	HvSC	SAMN42779280	Polaromonas sp. P3_B4	4852142
GCA_056402855	ASM5640285v1	HvSC	SAMN42779279	Ideonella sp. P3_B3	7818660
GCA_056402875	ASM5640287v1	HvSC	SAMN42779278	Devosia sp. P3_B2	4573254
GCA_056402895	ASM5640289v1	HvSC	SAMN42779277	Rhizobacter sp. P3_B12	7045915
GCA_056402915	ASM5640291v1	HvSC	SAMN42779276	Mesorhizobium sp. P3_B11	6408666
GCA_056402935	ASM5640293v1	HvSC	SAMN42779274	Polaromonas sp. P3_B1	5215834
GCA_056402955	ASM5640295v1	HvSC	SAMN42779275	Azospirillum sp. P3_B10	7780382
GCA_056402975	ASM5640297v1	HvSC	SAMN42779273	Mesorhizobium sp. P3_A9	7208612
GCA_056402995	ASM5640299v1	HvSC	SAMN42779272	Mesorhizobium sp. P3_A8	7219973
GCA_056403015	ASM5640301v1	HvSC	SAMN42779271	Polaromonas sp. P3_A7	4846675
GCA_056403035	ASM5640303v1	HvSC	SAMN42779270	Flavobacterium sp. P3_A6	5210590
GCA_056403055	ASM5640305v1	HvSC	SAMN42779269	Polaromonas sp. P3_A5	4796524
GCA_056403075	ASM5640307v1	HvSC	SAMN42779268	Ideonella sp. P3_A4	7715882
GCA_056403095	ASM5640309v1	HvSC	SAMN42779267	Burkholderiaceae bacterium P3_A3	6506785
GCA_056403115	ASM5640311v1	HvSC	SAMN42779266	Mesorhizobium sp. P3_A2	6469003
GCA_056403135	ASM5640313v1	HvSC	SAMN42779265	Burkholderiaceae bacterium P3_A12	7122210
GCA_056403155	ASM5640315v1	HvSC	SAMN42779264	Methylobacterium sp. P3_A11	6287187
GCA_056403175	ASM5640317v1	HvSC	SAMN42779263	Mesorhizobium sp. P3_A10	6246070
GCA_056403195	ASM5640319v1	HvSC	SAMN42779262	Labrys sp. P2_H9_2	7005775
GCA_056403215	ASM5640321v1	HvSC	SAMN42779261	Mesorhizobium sp. P2_H9	6286976
GCA_056403235	ASM5640323v1	HvSC	SAMN42779260	Rhodoferax sp. P2_H8_2	3893839
GCA_056403255	ASM5640325v1	HvSC	SAMN42779259	Elsteraceae bacterium P2_H8	5277379
GCA_056403275	ASM5640327v1	HvSC	SAMN42779258	Mycobacterium sp. P2_H7	6417092
GCA_056403295	ASM5640329v1	HvSC	SAMN42779257	Burkholderiaceae bacterium P2_H6	6819560
GCA_056403315	ASM5640331v1	HvSC	SAMN42779255	Roseateles sp. P2_H4	6548539
GCA_056403335	ASM5640333v1	HvSC	SAMN42779256	Rhodobacter sp. P2_H5	4957529
GCA_056403355	ASM5640335v1	HvSC	SAMN42779254	Rhizobacter sp. P2_H3	6795431
GCA_056403375	ASM5640337v1	HvSC	SAMN42779253	Rhizobacter sp. P2_H2	6635937
GCA_056403395	ASM5640339v1	HvSC	SAMN42779252	Variovorax sp. P2_H12	7376471
GCA_056403415	ASM5640341v1	HvSC	SAMN42779251	Burkholderiaceae bacterium P2_H11	6824687
GCA_056403435	ASM5640343v1	HvSC	SAMN42779249	Azonexus sp. P2_H1	4344064
GCA_056403455	ASM5640345v1	HvSC	SAMN42779250	Burkholderiaceae bacterium P2_H10_2	6565997
GCA_056403475	ASM5640347v1	HvSC	SAMN42779248	Rhizobium sp. P2_G9	8273369
GCA_056403495	ASM5640349v1	HvSC	SAMN42779246	Devosia sp. P2_G7	4611643
GCA_056403515	ASM5640351v1	HvSC	SAMN42779247	Rhizobium sp. P2_G8	8282684
GCA_056403535	ASM5640353v1	HvSC	SAMN42779245	Aeromicrobium sp. P2_G6	4460101
GCA_056403555	ASM5640355v1	HvSC	SAMN42779243	Rhizobium sp. P2_G2	8710466
GCA_056403575	ASM5640357v1	HvSC	SAMN42779244	Rhizobacter sp. P2_G4	7088674
GCA_056403595	ASM5640359v1	HvSC	SAMN42779241	Polaromonas sp. P2_G11	4835198
GCA_056403615	ASM5640361v1	HvSC	SAMN42779240	Flavobacterium sp. P2_G10	5185487
GCA_056403635	ASM5640363v1	HvSC	SAMN42779239	Microbacterium sp. P2_F9	4143144
GCA_056403655	ASM5640365v1	HvSC	SAMN42779238	Mesorhizobium sp. P2_F8	7473824
GCA_056403675	ASM5640367v1	HvSC	SAMN42779236	Pedococcus sp. P2_F6	4094516
GCA_056403695	ASM5640369v1	HvSC	SAMN42779237	Mesorhizobium sp. P2_F7	6833665
GCA_056403715	ASM5640371v1	HvSC	SAMN42779235	Mesorhizobium sp. P2_F5	6568514
GCA_056403735	ASM5640373v1	HvSC	SAMN42779234	Mesorhizobium sp. P2_F4	6584618
GCA_056403755	ASM5640375v1	HvSC	SAMN42779233	Burkholderiaceae bacterium P2_F2	6939030
GCA_056403775	ASM5640377v1	HvSC	SAMN42779232	Cellulomonas sp. P2_F12	4301627
GCA_056403795	ASM5640379v1	HvSC	SAMN42779231	Elsteraceae bacterium P2_E9_2	5384774
GCA_056403815	ASM5640381v1	HvSC	SAMN42779230	Mesorhizobium sp. P2_E9	7301213
GCA_056403835	ASM5640383v1	HvSC	SAMN42779227	Mesorhizobium sp. P2_E6	7024577
GCA_056403855	ASM5640385v1	HvSC	SAMN42779228	Mesorhizobium sp. P2_E7	6474335
GCA_056403875	ASM5640387v1	HvSC	SAMN42779229	Bradyrhizobium sp. P2_E8	8278539
GCA_056403895	ASM5640389v1	HvSC	SAMN42779226	Pedococcus sp. P2_E5	3963892
GCA_056403915	ASM5640391v1	HvSC	SAMN42779224	Terrabacter sp. P2_E3	4887002
GCA_056403935	ASM5640393v1	HvSC	SAMN42779225	Pedococcus sp. P2_E4	3807685
GCA_056403955	ASM5640395v1	HvSC	SAMN42779223	Pedococcus sp. P2_E2	4188531
GCA_056404215	ASM5640421v1	HvSC	SAMN42779222	Mesorhizobium sp. P2_E12	6284858
GCA_056404235	ASM5640423v1	HvSC	SAMN42779221	Mesorhizobium sp. P2_E10	6504618
GCA_056404255	ASM5640425v1	HvSC	SAMN42779220	Rhizobium sp. P2_E1	6220132
GCA_056404275	ASM5640427v1	HvSC	SAMN42779219	Pedococcus sp. P2_D9	4275719
GCA_056404295	ASM5640429v1	HvSC	SAMN42779218	Pedococcus sp. P2_D7	4007673
GCA_056404315	ASM5640431v1	HvSC	SAMN42779217	Mesorhizobium sp. P2_D6	6860421
GCA_056404335	ASM5640433v1	HvSC	SAMN42779216	Elsteraceae bacterium P2_D5_2	5289995
GCA_056404355	ASM5640435v1	HvSC	SAMN42779215	Mesorhizobium sp. P2_D5	6867364
GCA_056404375	ASM5640437v1	HvSC	SAMN42779214	Elsteraceae bacterium P2_D4	5333216
GCA_056404395	ASM5640439v1	HvSC	SAMN42779212	Rhizobacter sp. P2_D12	6843117
GCA_056404415	ASM5640441v1	HvSC	SAMN42779213	Elsteraceae bacterium P2_D3	4478231
GCA_056404435	ASM5640443v1	HvSC	SAMN42779211	Mucilaginibacter sp. P2_D11	6319975
GCA_056404455	ASM5640445v1	HvSC	SAMN42779210	Mesorhizobium sp. P2_D1	6713391
GCA_056404475	ASM5640447v1	HvSC	SAMN42779209	Cellulomonas sp. P2_C9	4031992
GCA_056404495	ASM5640449v1	HvSC	SAMN42779208	Cellulomonas sp. P2_C8	4196947
GCA_056404515	ASM5640451v1	HvSC	SAMN42779207	Mesorhizobium sp. P2_C7	7115052
GCA_056404535	ASM5640453v1	HvSC	SAMN42779206	Mesorhizobium sp. P2_C5_2	6303588
GCA_056404555	ASM5640455v1	HvSC	SAMN42779205	Asticcacaulis sp. P2_C5	6120133
GCA_056404575	ASM5640457v1	HvSC	SAMN42779204	Mesorhizobium sp. P2_C4	6332249
GCA_056404595	ASM5640459v1	HvSC	SAMN42779203	Agromyces sp. P2_C3	3986796
GCA_056404615	ASM5640461v1	HvSC	SAMN42779202	Massilia sp. P2_C2	6878674
GCA_056404635	ASM5640463v1	HvSC	SAMN42779201	Burkholderiaceae bacterium P2_C12	6492092
GCA_056404655	ASM5640465v1	HvSC	SAMN42779200	Elsteraceae bacterium P2_C11	5276237
GCA_056404675	ASM5640467v1	HvSC	SAMN42779199	Elsteraceae bacterium P2_C1	5275257
GCA_056404695	ASM5640469v1	HvSC	SAMN42779198	Mesorhizobium sp. P2_B9	6595057
GCA_056404715	ASM5640471v1	HvSC	SAMN42779197	Dongia sp. P2_B8	5223489
GCA_056404735	ASM5640473v1	HvSC	SAMN42779196	Mesorhizobium sp. P2_B7	6594059
GCA_056404755	ASM5640475v1	HvSC	SAMN42779195	Sphingomonas sp. P2_B6	5187905
GCA_056404775	ASM5640477v1	HvSC	SAMN42779194	Mesorhizobium sp. P2_B5	6598470
GCA_056404795	ASM5640479v1	HvSC	SAMN42779193	Cellulomonas sp. P2_B4	4272667
GCA_056404815	ASM5640481v1	HvSC	SAMN42779192	Agromyces sp. P2_B3	4266971
GCA_056404835	ASM5640483v1	HvSC	SAMN42779191	Allobosea sp. P2_B12	5409174
GCA_056404855	ASM5640485v1	HvSC	SAMN42779190	Mesorhizobium sp. P2_B11	6596230
GCA_056404875	ASM5640487v1	HvSC	SAMN42779189	Hylemonella sp. P2_B10	5553305
GCA_056404895	ASM5640489v1	HvSC	SAMN42779187	Rhizobacter sp. P2_A9	6912675
GCA_056404915	ASM5640491v1	HvSC	SAMN42779188	Asticcacaulis sp. P2_B1	5632232
GCA_056404935	ASM5640493v1	HvSC	SAMN42779186	Mesorhizobium sp. P2_A8	7391913
GCA_056404955	ASM5640495v1	HvSC	SAMN42779185	Elsteraceae bacterium P2_A7	5334290
GCA_056404975	ASM5640497v1	HvSC	SAMN42779184	Brevundimonas sp. P2_A6	2990295
GCA_056404995	ASM5640499v1	HvSC	SAMN42779183	Mucilaginibacter sp. P2_A5	7089168
GCA_056405015	ASM5640501v1	HvSC	SAMN42779182	Mucilaginibacter sp. P2_A4	7192454
GCA_056405035	ASM5640503v1	HvSC	SAMN42779181	Pedococcus sp. P2_A3	4430731
GCA_056405055	ASM5640505v1	HvSC	SAMN42779180	Bradyrhizobium sp. P2_A2	9035246
GCA_056405075	ASM5640507v1	HvSC	SAMN42779179	Mesorhizobium sp. P2_A12	7355450
GCA_056405095	ASM5640509v1	HvSC	SAMN42779178	Burkholderiaceae bacterium P2_A11	6666013
GCA_056405115	ASM5640511v1	HvSC	SAMN42779177	Allobosea sp. P2_A10	5451819
GCA_056405135	ASM5640513v1	HvSC	SAMN42779175	Devosia sp. P1_H9	4546889
GCA_056405155	ASM5640515v1	HvSC	SAMN42779176	Bradyrhizobium sp. P2_A1	9034887
GCA_056405175	ASM5640517v1	HvSC	SAMN42779174	Pedococcus sp. P1_H8	4183846
GCA_056405195	ASM5640519v1	HvSC	SAMN42779172	Polaromonas sp. P1_H6	5209869
GCA_056405215	ASM5640521v1	HvSC	SAMN42779173	Arthrobacter sp. P1_H7	4504149
GCA_056405235	ASM5640523v1	HvSC	SAMN42779171	Polaromonas sp. P1_H5	4885868
GCA_056405255	ASM5640525v1	HvSC	SAMN42779170	Agromyces sp. P1_H4	3979228
GCA_056405275	ASM5640527v1	HvSC	SAMN42779169	Polaromonas sp. P1_H3	5174625
GCA_056405295	ASM5640529v1	HvSC	SAMN42779168	Variovorax sp. P1_H2	7257870
GCA_056405315	ASM5640531v1	HvSC	SAMN42779166	Polaromonas sp. P1_H12	5268882
GCA_056405335	ASM5640533v1	HvSC	SAMN42779167	Variovorax sp. P1_H12_2	6826210
GCA_056405355	ASM5640535v1	HvSC	SAMN42779165	Mesorhizobium sp. P1_H10	7377183
GCA_056405375	ASM5640537v1	HvSC	SAMN42779164	Polaromonas sp. P1_H1	5349180
GCA_056405395	ASM5640539v1	HvSC	SAMN42779163	Azonexus sp. P1_G9	4342337
GCA_056405415	ASM5640541v1	HvSC	SAMN42779162	Polaromonas sp. P1_G7	5215744
GCA_056405435	ASM5640543v1	HvSC	SAMN42779160	Rhizobacter sp. P1_G5	6774222
GCA_056405455	ASM5640545v1	HvSC	SAMN42779161	Polaromonas sp. P1_G6	4204116
GCA_056405475	ASM5640547v1	HvSC	SAMN42779159	Polaromonas sp. P1_G4	4740919
GCA_056405495	ASM5640549v1	HvSC	SAMN42779158	Polaromonas sp. P1_G3	4644596
GCA_056405515	ASM5640551v1	HvSC	SAMN42779157	Polaromonas sp. P1_G2	5762409
GCA_056405535	ASM5640553v1	HvSC	SAMN42779156	Cellulomonas sp. P1_G12_2	4409593
GCA_056405555	ASM5640555v1	HvSC	SAMN42779155	Variovorax sp. P1_G12	7666394
GCA_056405575	ASM5640557v1	HvSC	SAMN42779154	Pseudomonas sp. P1_G10	6519294
GCA_056405595	ASM5640559v1	HvSC	SAMN42779153	Polaromonas sp. P1_G1	5533956
GCA_056405615	ASM5640561v1	HvSC	SAMN42779152	Polaromonas sp. P1_F9	4701844
GCA_056405635	ASM5640563v1	HvSC	SAMN42779151	Polaromonas sp. P1_F8	4749138
GCA_056405655	ASM5640565v1	HvSC	SAMN42779150	Pseudomonas sp. P1_F7	6806660
GCA_056405675	ASM5640567v1	HvSC	SAMN42779148	Polaromonas sp. P1_F4	4786843
GCA_056405695	ASM5640569v1	HvSC	SAMN42779149	Polaromonas sp. P1_F6	4961032
GCA_056405715	ASM5640571v1	HvSC	SAMN42779147	Rhodoferax sp. P1_F3	4443269
GCA_056405735	ASM5640573v1	HvSC	SAMN42779146	Polaromonas sp. P1_F2	5343349
GCA_056405755	ASM5640575v1	HvSC	SAMN42779144	Rhizobacter sp. P1_F10	6613443
GCA_056405775	ASM5640577v1	HvSC	SAMN42779145	Pseudomonas sp. P1_F11	6803979
GCA_056405795	ASM5640579v1	HvSC	SAMN42779142	Polaromonas sp. P1_F1	4896499
GCA_056405815	ASM5640581v1	HvSC	SAMN42779143	Pseudomonas sp. P1_F1_2	6543681
GCA_056405835	ASM5640583v1	HvSC	SAMN42779141	Polaromonas sp. P1_E8	5030526
GCA_056405855	ASM5640585v1	HvSC	SAMN42779140	Pararhizobium sp. P1_E7	5945338
GCA_056405875	ASM5640587v1	HvSC	SAMN42779139	Rhizobium sp. P1_E6	7381714
GCA_056405895	ASM5640589v1	HvSC	SAMN42779138	Flavobacterium sp. P1_E5	4466500
GCA_056405915	ASM5640591v1	HvSC	SAMN42779137	Flavobacterium sp. P1_E4	4521547
GCA_056405935	ASM5640593v1	HvSC	SAMN42779136	Polaromonas sp. P1_E3	4514103
GCA_056405955	ASM5640595v1	HvSC	SAMN42779135	Burkholderiaceae bacterium P1_E2	6266526
GCA_056405975	ASM5640597v1	HvSC	SAMN42779134	Polaromonas sp. P1_E12	4881801
GCA_056405995	ASM5640599v1	HvSC	SAMN42779133	Polaromonas sp. P1_E11	4651773
GCA_056406015	ASM5640601v1	HvSC	SAMN42779131	Rhizobium sp. P1_E1	7496522
GCA_056406035	ASM5640603v1	HvSC	SAMN42779132	Polaromonas sp. P1_E1_2	4593965
GCA_056406055	ASM5640605v1	HvSC	SAMN42779130	Mucilaginibacter sp. P1_D7	5817242
GCA_056406075	ASM5640607v1	HvSC	SAMN42779128	Rhizobium sp. P1_D5	6582896
GCA_056406095	ASM5640609v1	HvSC	SAMN42779129	Caulobacter sp. P1_D6	5222655
GCA_056406115	ASM5640611v1	HvSC	SAMN42779127	Arthrobacter sp. P1_D4	4797856
GCA_056406135	ASM5640613v1	HvSC	SAMN42779126	Luteibacter sp. P1_D3	4976680
GCA_056406155	ASM5640615v1	HvSC	SAMN42779125	Pseudomonas sp. P1_D2	6560148
GCA_056406175	ASM5640617v1	HvSC	SAMN42779124	Arthrobacter sp. P1_D12	4711340
GCA_056406195	ASM5640619v1	HvSC	SAMN42779123	Burkholderiaceae bacterium P1_D11	6340291
GCA_056406215	ASM5640621v1	HvSC	SAMN42779122	Mucilaginibacter sp. P1_D10	6259991
GCA_056406235	ASM5640623v1	HvSC	SAMN42779121	Pseudomonas sp. P1_D1	6499525
GCA_056406255	ASM5640625v1	HvSC	SAMN42779119	Pseudomonas sp. P1_C8	6523542
GCA_056406275	ASM5640627v1	HvSC	SAMN42779120	Chitinimonadaceae bacterium P1_C9	6349549
GCA_056406295	ASM5640629v1	HvSC	SAMN42779118	Rhizobium sp. P1_C7	6440941
GCA_056406315	ASM5640631v1	HvSC	SAMN42779117	Roseateles sp. P1_C6	6623535
GCA_056406335	ASM5640633v1	HvSC	SAMN42779116	Rhodobacter sp. P1_C5	4680815
GCA_056406355	ASM5640635v1	HvSC	SAMN42779115	Cellulomonas sp. P1_C4	4251671
GCA_056406375	ASM5640637v1	HvSC	SAMN42779113	Rhodobacter sp. P1_C2	5317090
GCA_056406395	ASM5640639v1	HvSC	SAMN42779114	Chitinimonadaceae bacterium P1_C3	6569497
GCA_056406415	ASM5640641v1	HvSC	SAMN42779112	Arthrobacter sp. P1_C12_2	4910294
GCA_056406435	ASM5640643v1	HvSC	SAMN42779111	Pseudomonas sp. P1_C12	6518932
GCA_056406455	ASM5640645v1	HvSC	SAMN42779110	Mucilaginibacter sp. P1_C11	7302464
GCA_056406475	ASM5640647v1	HvSC	SAMN42779109	Massilia sp. P1_C10	4792678
GCA_056406495	ASM5640649v1	HvSC	SAMN42779107	Arthrobacter sp. P1_B9	4577393
GCA_056406515	ASM5640651v1	HvSC	SAMN42779106	Rhizobium sp. P1_B8	7405926
GCA_056406535	ASM5640653v1	HvSC	SAMN42779108	Roseateles sp. P1_C1_2	6385279
GCA_056406555	ASM5640655v1	HvSC	SAMN42779103	Arthrobacter sp. P1_B4	4414300
GCA_056406575	ASM5640657v1	HvSC	SAMN42779104	Chitinimonadaceae bacterium P1_B5	6464032
GCA_056406595	ASM5640659v1	HvSC	SAMN42779105	Mucilaginibacter sp. P1_B6	6627824
GCA_056406615	ASM5640661v1	HvSC	SAMN42779102	Arthrobacter sp. P1_B3	5211456
GCA_056406635	ASM5640663v1	HvSC	SAMN42779100	Polaromonas sp. P1_B2	5055467
GCA_056406655	ASM5640665v1	HvSC	SAMN42779101	Burkholderiaceae bacterium P1_B2_2	7645183
GCA_056406675	ASM5640667v1	HvSC	SAMN42779099	Caulobacter sp. P1_B12_2	5057669
GCA_056406695	ASM5640669v1	HvSC	SAMN42779098	Priestia sp. P1_B12_1	5698897
GCA_056406715	ASM5640671v1	HvSC	SAMN42779097	Arthrobacter sp. P1_B11	4848489
GCA_056406735	ASM5640673v1	HvSC	SAMN42779096	Allobosea sp. P1_B10	5418549
GCA_056406755	ASM5640675v1	HvSC	SAMN42779095	Rhizobium sp. P1_A9	7846285
GCA_056406775	ASM5640677v1	HvSC	SAMN42779094	Allobosea sp. P1_A7	7678591
GCA_056406795	ASM5640679v1	HvSC	SAMN42779093	Neorhizobium sp. P1_A6	6153651
GCA_056406815	ASM5640681v1	HvSC	SAMN42779091	Mucilaginibacter sp. P1_A4	7297445
GCA_056406825	ASM5640682v1	HvSC	SAMN42779092	Arthrobacter sp. P1_A5	4468173
GCA_056406855	ASM5640685v1	HvSC	SAMN42779090	Mucilaginibacter sp. P1_A3	7307393
GCA_056406875	ASM5640687v1	HvSC	SAMN42779088	Mesorhizobium sp. P1_A12	6860967
GCA_056406895	ASM5640689v1	HvSC	SAMN42779089	Polaromonas sp. P1_A2	5000657
GCA_056406915	ASM5640691v1	HvSC	SAMN42779087	Variovorax sp. P1_A11	10055510
GCA_056406935	ASM5640693v1	HvSC	SAMN42779085	Pseudomonas sp. P1_A1	6390523
GCA_056406955	ASM5640695v1	HvSC	SAMN42779086	Rhizobium sp. P1_A10	7139931
GCA_056555115	ASM5655511v1	AtSC	SAMN42773411	Stenotrophomonas sp. 05L415	5559632
GCA_056555145	ASM5655514v1	HvSC	SAMN42779366	Mycolicibacterium sp. P4_G11	5935921
GCA_056555165	ASM5655516v1	HvSC	SAMN42779342	Massilia sp. P4_E2	7297894
GCA_056555285	ASM5655528v1	AtSC	SAMN42773321	Cupriavidus sp. 01N412	8650950
GCA_056665975	ASM5666597v1	AtSC	SAMN42773503	Caulobacter sp. 05T431	5234744
GCA_056665995	ASM5666599v1	AtSC	SAMN42773428	Stenotrophomonas sp. 05L44_2	4361111
GCA_964252695	LjRoot117v2	LjSC	SAMEA115676832	Acidovorax sp. LjRoot117	6094667
GCA_964252705	LjRoot125v2	LjSC	SAMEA115676835	Pseudoxanthomonas sp. LjRoot125	4000338
GCA_964252715	LjRoot296v2	LjSC	SAMEA115676934	Cupriavidus necator	8835097
GCA_964252725	LjRoot122v2	LjSC	SAMEA115676834	Massilia sp. LjRoot122	5836280
GCA_964252735	LjNodule214v2	LjSC	SAMEA115676823	Mesorhizobium sp. LjNodule214	7744791
GCA_964252745	LjRoot9v2	LjSC	SAMEA115676969	Allobosea sp. LjRoot9	6773982
GCA_964252755	LjRoot29v2	LjSC	SAMEA115676930	Caballeronia sp. LjRoot29	7871953
GCA_964252765	LjRoot11v2	LjSC	SAMEA115676829	Agrobacterium tumefaciens	5402501
GCA_964252775	LjRoot234v2	LjSC	SAMEA115676891	Mesorhizobium amorphae	7030434
GCA_964252785	LjRoot178v2	LjSC	SAMEA115676864	Variovorax sp. LjRoot178	8198234
GCA_964252795	LjRoot16v2	LjSC	SAMEA115676854	Devosia sp. LjRoot16	5894209
GCA_964252805	LjRoot131v2	LjSC	SAMEA115676840	Polaromonas sp. LjRoot131	5117782
GCA_964252815	LjRoot166v2	LjSC	SAMEA115676858	Acidovorax delafieldii	5479910
GCA_964252825	LjRoot241v2	LjSC	SAMEA115676898	Paraburkholderia hospita	11360794
GCA_964252835	LjRoot205v2	LjSC	SAMEA115676874	Microbacterium foliorum	3881159
GCA_964252855	LjRoot225v2	LjSC	SAMEA115676882	Phenylobacterium sp. LjRoot225	5682776
GCA_964252865	LjRoot3v2	LjSC	SAMEA115676936	Devosia sp. LjRoot3	4785905
GCA_964252875	LjRoot267v2	LjSC	SAMEA115676917	Paraburkholderia hospita	11989812
GCA_964252885	LjRoot257v2	LjSC	SAMEA115676910	Ensifer adhaerens	7559888
GCA_964252895	LjRoot7v2	LjSC	SAMEA115676959	Aminobacter sp. LjRoot7	6274453
GCA_964252905	LjRoot255v2	LjSC	SAMEA115676909	Pararhizobium sp. LjRoot255	5693676
GCA_964252915	LjRoot220v2	LjSC	SAMEA115676878	Bradyrhizobium sp. LjRoot220	7658220
GCA_964252925	LjRoot289v2	LjSC	SAMEA115676929	Pseudoduganella sp. LjRoot289	7026711
GCA_964252935	LjRoot98v2	LjSC	SAMEA115676973	Rhizobium sp. LjRoot98	6453361
GCA_964252945	LjRoot143v2	LjSC	SAMEA115676845	Pseudoxanthomonas sp. LjRoot143	4463964
GCA_964252955	LjRoot238v2	LjSC	SAMEA115676895	Pararhizobium sp. LjRoot238	5956784
GCA_964252965	LjRoot1	LjSC	SAMEA115676824	Achromobacter mucicolens	6183868
GCA_964252975	LjRoot38v2	LjSC	SAMEA115676945	Acidovorax sp. LjRoot38	5662757
GCA_964252985	LjRoot15v2	LjSC	SAMEA115676849	Peribacillus frigoritolerans	5556957
GCA_964252995	LjRoot219v2	LjSC	SAMEA115676876	Phenylobacterium sp. LjRoot219	5457878
GCA_964253005	LjRoot167	LjSC	SAMEA115676859	plant metagenome	4667976
GCA_964253015	LjRoot194v2	LjSC	SAMEA115676870	Acidovorax sp. LjRoot194	6018762
GCA_964253025	LjRoot28v2	LjSC	SAMEA115676923	Rhizobacter sp. LjRoot28	5011724
GCA_964253035	LjRoot39v2	LjSC	SAMEA115676946	Pseudorhodoferax sp. LjRoot39	8086524
GCA_964253045	LjRoot161v2	LjSC	SAMEA115676855	Variovorax paradoxus	6792450
GCA_964253055	LjRoot263v2	LjSC	SAMEA115676915	Pseudomonas sp. LjRoot263	6668312
GCA_964253065	LjRoot204v2	LjSC	SAMEA115676873	Microbacterium foliorum	3896235
GCA_964253075	LjRoot294v2	LjSC	SAMEA115676933	Variovorax paradoxus	6767848
GCA_964253085	LjRoot153v2	LjSC	SAMEA115676851	Paenibacillus sp. LjRoot153	8506995
GCA_964253095	LjRoot139v2	LjSC	SAMEA115676843	Variovorax paradoxus	6713284
GCA_964253105	LjRoot170v2	LjSC	SAMEA115676862	Variovorax paradoxus	6748330
GCA_964253115	LjRoot226	LjSC	SAMEA115676883	plant metagenome	4527899
GCA_964253125	LjRoot243	LjSC	SAMEA115676899	plant metagenome	6877753
GCA_964253135	LjRoot191	LjSC	SAMEA115676869	plant metagenome	5051517
GCA_964253145	LjRoot206	LjSC	SAMEA115676875	plant metagenome	4309148
GCA_964253155	LjRoot154	LjSC	SAMEA115676852	plant metagenome	6558518
GCA_964253165	LjRoot201	LjSC	SAMEA115676871	plant metagenome	5220376
GCA_964253175	LjRoot183	LjSC	SAMEA115676866	plant metagenome	8182787
GCA_964253185	LjRoot227	LjSC	SAMEA115676884	plant metagenome	4620468
GCA_964253195	LjRoot17	LjSC	SAMEA115676861	plant metagenome	3401184
GCA_964253205	LjRoot36	LjSC	SAMEA115676944	plant metagenome	5239286
GCA_964253215	LjRoot236	LjSC	SAMEA115676893	plant metagenome	6644273
GCA_964253225	LjRoot247	LjSC	SAMEA115676903	plant metagenome	4062988
GCA_964253235	LjRoot133	LjSC	SAMEA115676841	plant metagenome	5249629
GCA_964253245	LjRoot111v2	LjSC	SAMEA115676830	Pseudomonas brassicacearum	6660630
GCA_964253255	LjRoot71v2	LjSC	SAMEA115676960	Pseudomonas sp. LjRoot71	4428413
GCA_964253285	LjRoot237v2	LjSC	SAMEA115676894	Allobosea sp. LjRoot237	6063418
GCA_964253295	LjRoot91	LjSC	SAMEA115676971	plant metagenome	6362730
GCA_964253305	LjRoot66v2	LjSC	SAMEA115676957	Acidovorax sp. LjRoot66	7376750
GCA_964253315	LjRoot230v2	LjSC	SAMEA115676887	Trinickia sp. LjRoot230	5888990
GCA_964253325	LjRoot45v2	LjSC	SAMEA115676949	Microbacterium sp. LjRoot45	3297977
GCA_964253335	LjRoot56v2	LjSC	SAMEA115676953	Paenibacillus sp. LjRoot56	8424018
GCA_964253345	LjRoot44v2	LjSC	SAMEA115676948	Microbacterium foliorum	3901744
GCA_964253355	LjRoot202v2	LjSC	SAMEA115676872	Brevundimonas sp. LjRoot202	2622041
GCA_964253365	LjRoot231v2	LjSC	SAMEA115676888	Phyllobacterium sp. LjRoot231	6468626
GCA_964253375	LjRoot112A	LjSC	SAMEA115676831	plant metagenome	6672946
GCA_964253385	LjRoot69v2	LjSC	SAMEA115676958	Variovorax paradoxus	6678546
GCA_964253395	LjRoot22v2	LjSC	SAMEA115676877	Paraburkholderia hospita	11144613
GCA_964253405	LjRoot102	LjSC	SAMEA115676826	plant metagenome	6813222
GCA_964253415	LjRoot62v2	LjSC	SAMEA115676956	Variovorax paradoxus	6739378
GCA_964253435	LjRoot47v2	LjSC	SAMEA115676950	Knoellia sp. LjRoot47	3743929
GCA_964253445	LjRoot107	LjSC	SAMEA115676828	plant metagenome	5219974
GCA_964253455	LjRoot5v2	LjSC	SAMEA115676951	Rossellomorea sp. LjRoot5	4452044
GCA_964253465	LjRoot149	LjSC	SAMEA115676848	plant metagenome	5190984
GCA_964253475	LjRoot221v2	LjSC	SAMEA115676879	Agrobacterium tumefaciens	4991215
GCA_964253485	LjRoot8	LjSC	SAMEA115676964	plant metagenome	4037519
GCA_964253495	LjRoot127v2	LjSC	SAMEA115676836	Pseudoxanthomonas sp. LjRoot127	4139630
GCA_964253505	LjRoot82	LjSC	SAMEA115676966	plant metagenome	5109256
GCA_964253515	LjRoot52	LjSC	SAMEA115676952	plant metagenome	5624382
GCA_964253525	LjRoot223v2	LjSC	SAMEA115676880	Paraburkholderia terricola	7257155
GCA_964253535	LjRoot306	LjSC	SAMEA115676941	plant metagenome	4591185
GCA_964253545	LjRoot305	LjSC	SAMEA115676940	plant metagenome	6773714
GCA_964253555	LjRoot164v2	LjSC	SAMEA115676857	Phenylobacterium sp. LjRoot164	4716671
GCA_964253565	LjRoot268	LjSC	SAMEA115676918	plant metagenome	6132210
GCA_964253575	LjRoot118v2	LjSC	SAMEA115676833	Acidovorax sp. LjRoot118	7189705
GCA_964253585	LjRoot291	LjSC	SAMEA115676932	plant metagenome	5398701
GCA_964253595	LjRoot79	LjSC	SAMEA115676963	plant metagenome	5133278
GCA_964253605	LjRoot286	LjSC	SAMEA115676926	plant metagenome	6775897
GCA_964253615	LjRoot264	LjSC	SAMEA115676916	plant metagenome	6792152
GCA_964253625	LjRoot145	LjSC	SAMEA115676846	plant metagenome	5930929
GCA_964253635	LjRoot135	LjSC	SAMEA115676842	plant metagenome	5074226
GCA_964253645	LjRoot244v2	LjSC	SAMEA115676900	Brucella pseudogrignonensis	5407839
GCA_964253655	LjRoot146	LjSC	SAMEA115676847	plant metagenome	5321711
GCA_964253665	LjRoot245v2	LjSC	SAMEA115676901	Rhizobium leguminosarum	7887004
GCA_964253675	LjRoot152	LjSC	SAMEA115676850	plant metagenome	5926761
GCA_964253685	LjRoot287	LjSC	SAMEA115676927	plant metagenome	6551731
GCA_964253695	LjRoot251v2	LjSC	SAMEA115676905	Martinezella rhizogenes	6355786
GCA_964253705	LjRoot299	LjSC	SAMEA115676935	plant metagenome	5388418
GCA_964253715	LjRoot252v2	LjSC	SAMEA115676906	Pseudomonas brassicacearum	6709870
GCA_964253725	LjRoot104v2	LjSC	SAMEA115676827	Neorhizobium sp. LjRoot104	6695803
GCA_964253735	LjRoot228v2	LjSC	SAMEA115676885	Mesorhizobium caraganae	6893499
GCA_964253755	LjRoot130v2	LjSC	SAMEA115676839	Variovorax sp. LjRoot130	7596274
GCA_964253765	LjRoot129v2	LjSC	SAMEA115676837	Acidovorax sp. LjRoot129	5676429
GCA_964253775	LjRoot10v2	LjSC	SAMEA115676825	Ensifer adhaerens	7282602
GCA_964253785	LjRoot13v2	LjSC	SAMEA115676838	Pseudarthrobacter oxydans	4431591
GCA_964253795	LjRoot168v2	LjSC	SAMEA115676860	Pseudoxanthomonas sp. LjRoot168	4139630
GCA_964253805	LjRoot175v2	LjSC	SAMEA115676863	Variovorax sp. LjRoot175	8602029
GCA_964253815	LjRoot34v2	LjSC	SAMEA115676943	Caballeronia sp. LjRoot34	10347052
GCA_964253825	LjRoot253	LjSC	SAMEA115676907	plant metagenome	5301732
GCA_964253835	LjRoot249	LjSC	SAMEA115676904	plant metagenome	4142787
GCA_964253845	LjRoot277v2	LjSC	SAMEA115676921	Pseudomonas sp. LjRoot277	6703651
GCA_964253855	LjRoot240	LjSC	SAMEA115676897	plant metagenome	6054210
GCA_964253865	LjRoot302v2	LjSC	SAMEA115676939	Variovorax paradoxus	6887760
GCA_964253875	LjRoot300v2	LjSC	SAMEA115676938	Caulobacter sp. LjRoot300	5107759
GCA_964253885	LjRoot31v2	LjSC	SAMEA115676942	Caballeronia sp. LjRoot31	8921534
GCA_964253895	LjRoot229	LjSC	SAMEA115676886	plant metagenome	8819083
GCA_964253905	LjRoot14v2	LjSC	SAMEA115676844	Arthrobacter sp. LjRoot14	4798411
GCA_964253915	LjRoot30v2	LjSC	SAMEA115676937	Rhizobium sp. LjRoot30	5845701
GCA_964253925	LjRoot186v2	LjSC	SAMEA115676867	Microbacterium foliorum	4081567
GCA_964253935	LjRoot42v2	LjSC	SAMEA115676947	Microbacterium maritypicum	4016182
GCA_964253945	LjRoot233	LjSC	SAMEA115676890	plant metagenome	6657374
GCA_964253955	LjRoot259	LjSC	SAMEA115676912	plant metagenome	3736388
GCA_964253965	LjRoot162v2	LjSC	SAMEA115676856	Pseudomonas umsongensis	6917331
GCA_964253975	LjRoot159v2	LjSC	SAMEA115676853	Pseudomonas brassicacearum	6703054
GCA_964253985	LjRoot290v2	LjSC	SAMEA115676931	Variovorax sp. LjRoot290	8083614
GCA_964253995	LjRoot87	LjSC	SAMEA115676968	plant metagenome	5139279
GCA_964254005	LjRoot261	LjSC	SAMEA115676914	plant metagenome	5750115
GCA_964254025	LjRoot6	LjSC	SAMEA115676955	plant metagenome	6762979
GCA_964254035	LjRoot279	LjSC	SAMEA115676922	plant metagenome	6572960
GCA_964254045	LjRoot57	LjSC	SAMEA115676954	plant metagenome	5051517
GCA_964254055	LjRoot288	LjSC	SAMEA115676928	plant metagenome	5497018
GCA_964254065	LjRoot281	LjSC	SAMEA115676924	plant metagenome	6270654
GCA_964254075	LjRoot224v2	LjSC	SAMEA115676881	Rhizobium leguminosarum	7126325
GCA_964254085	LjRoot282	LjSC	SAMEA115676925	plant metagenome	7388309
GCA_964254095	LjRoot269v2	LjSC	SAMEA115676919	Duganella sp. LjRoot269	7449600
GCA_964254105	LjRoot254v2	LjSC	SAMEA115676908	Rhizobium sp. LjRoot254	5958650
GCA_964254115	LjRoot246v2	LjSC	SAMEA115676902	Mesorhizobium sp. LjRoot246	6493584
GCA_964254125	LjRoot189v2	LjSC	SAMEA115676868	Acidovorax delafieldii	5304607
GCA_964254135	LjRoot239v2	LjSC	SAMEA115676896	Neorhizobium tomejilense	6492593
GCA_964254145	LjRoot235v2	LjSC	SAMEA115676892	Pararhizobium sp. LjRoot235	5642435
GCA_964254155	LjRoot260v2	LjSC	SAMEA115676913	Variovorax paradoxus	6782146
GCA_964254165	LjRoot232v2	LjSC	SAMEA115676889	Aquipseudomonas alcaligenes	6969696
GCA_964254175	LjRoot27v2	LjSC	SAMEA115676920	Terrabacter sp. LjRoot27	4678582
GCA_964254185	LjRoot258v2	LjSC	SAMEA115676911	Rhizobium sp. LjRoot258	7097219
GCA_964254195	LjRoot18	LjSC	SAMEA115676865	plant metagenome	4035704
GCA_964254305	LjRoot84v2	LjSC	SAMEA115676967	Variovorax sp. LjRoot84	8305324
GCA_964254315	LjRoot90v2	LjSC	SAMEA115676970	Allobosea sp. LjRoot90	5870010
GCA_964254325	LjRoot99v2	LjSC	SAMEA115676974	Variovorax paradoxus	6778155
GCA_964254335	LjRoot78v2	LjSC	SAMEA115676962	Arthrobacter sp. LjRoot78	4698578
GCA_964254345	LjRoot97v2	LjSC	SAMEA115676972	Phenylobacterium sp. LjRoot97	4707082
GCA_964254355	LjRoot74v2	LjSC	SAMEA115676961	Acidovorax sp. LjRoot74	5743366
GCA_964254365	LjRoot80v2	LjSC	SAMEA115676965	Mycolicibacterium frederiksbergense	6138747
