accession	assembly_name	sample_accession	scientific_name	base_count
GCA_964252695	LjRoot117v2	SAMEA115676832	Acidovorax sp. LjRoot117	6094667
GCA_964252695	LjRoot117	SAMEA115676832	plant metagenome	6095867
GCA_964252705	LjRoot125v2	SAMEA115676835	Pseudoxanthomonas sp. LjRoot125	4000338
GCA_964252705	LjRoot125	SAMEA115676835	plant metagenome	4000738
GCA_964252715	LjRoot296v2	SAMEA115676934	Cupriavidus necator	8835097
GCA_964252715	LjRoot296	SAMEA115676934	plant metagenome	8835197
GCA_964252725	LjRoot122v2	SAMEA115676834	Massilia sp. LjRoot122	5836280
GCA_964252725	LjRoot122	SAMEA115676834	plant metagenome	5836380
GCA_964252735	LjNodule214v2	SAMEA115676823	Mesorhizobium sp. LjNodule214	7744791
GCA_964252735	LjNodule214	SAMEA115676823	plant metagenome	7745391
GCA_964252745	LjRoot9v2	SAMEA115676969	Allobosea sp. LjRoot9	6773982
GCA_964252745	LjRoot9	SAMEA115676969	plant metagenome	6775282
GCA_964252755	LjRoot29v2	SAMEA115676930	Caballeronia sp. LjRoot29	7871953
GCA_964252755	LjRoot29	SAMEA115676930	plant metagenome	7873853
GCA_964252765	LjRoot11v2	SAMEA115676829	Agrobacterium tumefaciens	5402501
GCA_964252765	LjRoot11	SAMEA115676829	plant metagenome	5403901
GCA_964252775	LjRoot234v2	SAMEA115676891	Mesorhizobium amorphae	7030434
GCA_964252775	LjRoot234	SAMEA115676891	plant metagenome	7031234
GCA_964252785	LjRoot178v2	SAMEA115676864	Variovorax sp. LjRoot178	8198234
GCA_964252785	LjRoot178	SAMEA115676864	plant metagenome	8201034
GCA_964252795	LjRoot16v2	SAMEA115676854	Devosia sp. LjRoot16	5894209
GCA_964252795	LjRoot16	SAMEA115676854	plant metagenome	5896664
GCA_964252805	LjRoot131v2	SAMEA115676840	Polaromonas sp. LjRoot131	5117782
GCA_964252805	LjRoot131	SAMEA115676840	plant metagenome	5118954
GCA_964252815	LjRoot166v2	SAMEA115676858	Acidovorax delafieldii	5479910
GCA_964252815	LjRoot166	SAMEA115676858	plant metagenome	5480410
GCA_964252825	LjRoot241v2	SAMEA115676898	Paraburkholderia hospita	11360794
GCA_964252825	LjRoot241	SAMEA115676898	plant metagenome	11362594
GCA_964252835	LjRoot205v2	SAMEA115676874	Microbacterium foliorum	3881159
GCA_964252835	LjRoot205	SAMEA115676874	plant metagenome	3881659
GCA_964252855	LjRoot225v2	SAMEA115676882	Phenylobacterium sp. LjRoot225	5682776
GCA_964252855	LjRoot225	SAMEA115676882	plant metagenome	5683276
GCA_964252865	LjRoot3v2	SAMEA115676936	Devosia sp. LjRoot3	4785905
GCA_964252865	LjRoot3	SAMEA115676936	plant metagenome	4786505
GCA_964252875	LjRoot267v2	SAMEA115676917	Paraburkholderia hospita	11989812
GCA_964252875	LjRoot267	SAMEA115676917	plant metagenome	11989912
GCA_964252885	LjRoot257v2	SAMEA115676910	Ensifer adhaerens	7559888
GCA_964252885	LjRoot257	SAMEA115676910	plant metagenome	7560188
GCA_964252895	LjRoot7v2	SAMEA115676959	Aminobacter sp. LjRoot7	6274453
GCA_964252895	LjRoot7	SAMEA115676959	plant metagenome	6275453
GCA_964252905	LjRoot255v2	SAMEA115676909	Pararhizobium sp. LjRoot255	5693676
GCA_964252905	LjRoot255	SAMEA115676909	plant metagenome	5693976
GCA_964252915	LjRoot220v2	SAMEA115676878	Bradyrhizobium sp. LjRoot220	7658220
GCA_964252915	LjRoot220	SAMEA115676878	plant metagenome	7660220
GCA_964252925	LjRoot289v2	SAMEA115676929	Pseudoduganella sp. LjRoot289	7026711
GCA_964252925	LjRoot289	SAMEA115676929	plant metagenome	7026911
GCA_964252935	LjRoot98v2	SAMEA115676973	Rhizobium sp. LjRoot98	6453361
GCA_964252935	LjRoot98	SAMEA115676973	plant metagenome	6455161
GCA_964252945	LjRoot143v2	SAMEA115676845	Pseudoxanthomonas sp. LjRoot143	4463964
GCA_964252945	LjRoot143	SAMEA115676845	plant metagenome	4464064
GCA_964252955	LjRoot238v2	SAMEA115676895	Pararhizobium sp. LjRoot238	5956784
GCA_964252955	LjRoot238	SAMEA115676895	plant metagenome	5957084
GCA_964252965	LjRoot1	SAMEA115676824	Achromobacter mucicolens	6183868
GCA_964252975	LjRoot38v2	SAMEA115676945	Acidovorax sp. LjRoot38	5662757
GCA_964252975	LjRoot38	SAMEA115676945	plant metagenome	5665557
GCA_964252985	LjRoot15v2	SAMEA115676849	Peribacillus frigoritolerans	5556957
GCA_964252985	LjRoot15	SAMEA115676849	plant metagenome	5560757
GCA_964252995	LjRoot219v2	SAMEA115676876	Phenylobacterium sp. LjRoot219	5457878
GCA_964252995	LjRoot219	SAMEA115676876	plant metagenome	5457878
GCA_964253005	LjRoot167	SAMEA115676859	plant metagenome	4667976
GCA_964253015	LjRoot194v2	SAMEA115676870	Acidovorax sp. LjRoot194	6018762
GCA_964253015	LjRoot194	SAMEA115676870	plant metagenome	6018762
GCA_964253025	LjRoot28v2	SAMEA115676923	Rhizobacter sp. LjRoot28	5011724
GCA_964253025	LjRoot28	SAMEA115676923	plant metagenome	5011724
GCA_964253035	LjRoot39v2	SAMEA115676946	Pseudorhodoferax sp. LjRoot39	8086524
GCA_964253035	LjRoot39	SAMEA115676946	plant metagenome	8086524
GCA_964253045	LjRoot161v2	SAMEA115676855	Variovorax paradoxus	6792450
GCA_964253045	LjRoot161	SAMEA115676855	plant metagenome	6792450
GCA_964253055	LjRoot263v2	SAMEA115676915	Pseudomonas sp. LjRoot263	6668312
GCA_964253055	LjRoot263	SAMEA115676915	plant metagenome	6668312
GCA_964253065	LjRoot204v2	SAMEA115676873	Microbacterium foliorum	3896235
GCA_964253065	LjRoot204	SAMEA115676873	plant metagenome	3896235
GCA_964253075	LjRoot294v2	SAMEA115676933	Variovorax paradoxus	6767848
GCA_964253075	LjRoot294	SAMEA115676933	plant metagenome	6767848
GCA_964253085	LjRoot153v2	SAMEA115676851	Paenibacillus sp. LjRoot153	8506995
GCA_964253085	LjRoot153	SAMEA115676851	plant metagenome	8506995
GCA_964253095	LjRoot139v2	SAMEA115676843	Variovorax paradoxus	6713284
GCA_964253095	LjRoot139	SAMEA115676843	plant metagenome	6713284
GCA_964253105	LjRoot170v2	SAMEA115676862	Variovorax paradoxus	6748330
GCA_964253105	LjRoot170	SAMEA115676862	plant metagenome	6748330
GCA_964253115	LjRoot226	SAMEA115676883	plant metagenome	4527899
GCA_964253125	LjRoot243	SAMEA115676899	plant metagenome	6877753
GCA_964253135	LjRoot191	SAMEA115676869	plant metagenome	5051517
GCA_964253145	LjRoot206	SAMEA115676875	plant metagenome	4309148
GCA_964253155	LjRoot154	SAMEA115676852	plant metagenome	6558518
GCA_964253165	LjRoot201	SAMEA115676871	plant metagenome	5220376
GCA_964253175	LjRoot183	SAMEA115676866	plant metagenome	8182787
GCA_964253185	LjRoot227	SAMEA115676884	plant metagenome	4620468
GCA_964253195	LjRoot17	SAMEA115676861	plant metagenome	3401184
GCA_964253205	LjRoot36	SAMEA115676944	plant metagenome	5239286
GCA_964253215	LjRoot236	SAMEA115676893	plant metagenome	6644273
GCA_964253225	LjRoot247	SAMEA115676903	plant metagenome	4062988
GCA_964253235	LjRoot133	SAMEA115676841	plant metagenome	5249629
GCA_964253245	LjRoot111v2	SAMEA115676830	Pseudomonas brassicacearum	6660630
GCA_964253245	LjRoot111	SAMEA115676830	plant metagenome	6657536
GCA_964253255	LjRoot71v2	SAMEA115676960	Pseudomonas sp. LjRoot71	4428413
GCA_964253255	LjRoot71	SAMEA115676960	plant metagenome	4428413
GCA_964253285	LjRoot237v2	SAMEA115676894	Allobosea sp. LjRoot237	6063418
GCA_964253285	LjRoot237	SAMEA115676894	plant metagenome	6063418
GCA_964253295	LjRoot91	SAMEA115676971	plant metagenome	6362730
GCA_964253305	LjRoot66v2	SAMEA115676957	Acidovorax sp. LjRoot66	7376750
GCA_964253305	LjRoot66	SAMEA115676957	plant metagenome	7376750
GCA_964253315	LjRoot230v2	SAMEA115676887	Trinickia sp. LjRoot230	5888990
GCA_964253315	LjRoot230	SAMEA115676887	plant metagenome	5852742
GCA_964253325	LjRoot45v2	SAMEA115676949	Microbacterium sp. LjRoot45	3297977
GCA_964253325	LjRoot45	SAMEA115676949	plant metagenome	3297977
GCA_964253335	LjRoot56v2	SAMEA115676953	Paenibacillus sp. LjRoot56	8424018
GCA_964253335	LjRoot56	SAMEA115676953	plant metagenome	8419909
GCA_964253345	LjRoot44v2	SAMEA115676948	Microbacterium foliorum	3901744
GCA_964253345	LjRoot44	SAMEA115676948	plant metagenome	3901744
GCA_964253355	LjRoot202v2	SAMEA115676872	Brevundimonas sp. LjRoot202	2622041
GCA_964253355	LjRoot202	SAMEA115676872	plant metagenome	2622041
GCA_964253365	LjRoot231v2	SAMEA115676888	Phyllobacterium sp. LjRoot231	6468626
GCA_964253365	LjRoot231	SAMEA115676888	plant metagenome	6468626
GCA_964253375	LjRoot112A	SAMEA115676831	plant metagenome	6672946
GCA_964253385	LjRoot69v2	SAMEA115676958	Variovorax paradoxus	6678546
GCA_964253385	LjRoot69	SAMEA115676958	plant metagenome	6678546
GCA_964253395	LjRoot22v2	SAMEA115676877	Paraburkholderia hospita	11144613
GCA_964253395	LjRoot22	SAMEA115676877	plant metagenome	11142982
GCA_964253405	LjRoot102	SAMEA115676826	plant metagenome	6813222
GCA_964253415	LjRoot62v2	SAMEA115676956	Variovorax paradoxus	6739378
GCA_964253415	LjRoot62	SAMEA115676956	plant metagenome	6739378
GCA_964253435	LjRoot47v2	SAMEA115676950	Knoellia sp. LjRoot47	3743929
GCA_964253435	LjRoot47	SAMEA115676950	plant metagenome	3743929
GCA_964253445	LjRoot107	SAMEA115676828	plant metagenome	5219974
GCA_964253455	LjRoot5v2	SAMEA115676951	Rossellomorea sp. LjRoot5	4452044
GCA_964253455	LjRoot5	SAMEA115676951	plant metagenome	4449052
GCA_964253465	LjRoot149	SAMEA115676848	plant metagenome	5190984
GCA_964253475	LjRoot221v2	SAMEA115676879	Agrobacterium tumefaciens	4991215
GCA_964253475	LjRoot221	SAMEA115676879	plant metagenome	4991215
GCA_964253485	LjRoot8	SAMEA115676964	plant metagenome	4037519
GCA_964253495	LjRoot127v2	SAMEA115676836	Pseudoxanthomonas sp. LjRoot127	4139630
GCA_964253495	LjRoot127	SAMEA115676836	plant metagenome	4139630
GCA_964253505	LjRoot82	SAMEA115676966	plant metagenome	5109256
GCA_964253515	LjRoot52	SAMEA115676952	plant metagenome	5624382
GCA_964253525	LjRoot223v2	SAMEA115676880	Paraburkholderia terricola	7257155
GCA_964253525	LjRoot223	SAMEA115676880	plant metagenome	7257155
GCA_964253535	LjRoot306	SAMEA115676941	plant metagenome	4591185
GCA_964253545	LjRoot305	SAMEA115676940	plant metagenome	6773714
GCA_964253555	LjRoot164v2	SAMEA115676857	Phenylobacterium sp. LjRoot164	4716671
GCA_964253555	LjRoot164	SAMEA115676857	plant metagenome	4716671
GCA_964253565	LjRoot268	SAMEA115676918	plant metagenome	6132210
GCA_964253575	LjRoot118v2	SAMEA115676833	Acidovorax sp. LjRoot118	7189705
GCA_964253575	LjRoot118	SAMEA115676833	plant metagenome	7189705
GCA_964253585	LjRoot291	SAMEA115676932	plant metagenome	5398701
GCA_964253595	LjRoot79	SAMEA115676963	plant metagenome	5133278
GCA_964253605	LjRoot286	SAMEA115676926	plant metagenome	6775897
GCA_964253615	LjRoot264	SAMEA115676916	plant metagenome	6792152
GCA_964253625	LjRoot145	SAMEA115676846	plant metagenome	5930929
GCA_964253635	LjRoot135	SAMEA115676842	plant metagenome	5074226
GCA_964253645	LjRoot244v2	SAMEA115676900	Brucella pseudogrignonensis	5407839
GCA_964253645	LjRoot244	SAMEA115676900	plant metagenome	5407839
GCA_964253655	LjRoot146	SAMEA115676847	plant metagenome	5321711
GCA_964253665	LjRoot245v2	SAMEA115676901	Rhizobium leguminosarum	7887004
GCA_964253665	LjRoot245	SAMEA115676901	plant metagenome	7887004
GCA_964253675	LjRoot152	SAMEA115676850	plant metagenome	5926761
GCA_964253685	LjRoot287	SAMEA115676927	plant metagenome	6551731
GCA_964253695	LjRoot251v2	SAMEA115676905	Martinezella rhizogenes	6355786
GCA_964253695	LjRoot251	SAMEA115676905	plant metagenome	6355786
GCA_964253705	LjRoot299	SAMEA115676935	plant metagenome	5388418
GCA_964253715	LjRoot252v2	SAMEA115676906	Pseudomonas brassicacearum	6709870
GCA_964253715	LjRoot252	SAMEA115676906	plant metagenome	6709220
GCA_964253725	LjRoot104v2	SAMEA115676827	Neorhizobium sp. LjRoot104	6695803
GCA_964253725	LjRoot104	SAMEA115676827	plant metagenome	6695803
GCA_964253735	LjRoot228v2	SAMEA115676885	Mesorhizobium caraganae	6893499
GCA_964253735	LjRoot228	SAMEA115676885	plant metagenome	6893499
GCA_964253755	LjRoot130v2	SAMEA115676839	Variovorax sp. LjRoot130	7596274
GCA_964253755	LjRoot130	SAMEA115676839	plant metagenome	7596274
GCA_964253765	LjRoot129v2	SAMEA115676837	Acidovorax sp. LjRoot129	5676429
GCA_964253765	LjRoot129	SAMEA115676837	plant metagenome	5676429
GCA_964253775	LjRoot10v2	SAMEA115676825	Ensifer adhaerens	7282602
GCA_964253775	LjRoot10	SAMEA115676825	Ensifer adhaerens	7282602
GCA_964253785	LjRoot13v2	SAMEA115676838	Pseudarthrobacter oxydans	4431591
GCA_964253785	LjRoot13	SAMEA115676838	plant metagenome	4431203
GCA_964253795	LjRoot168v2	SAMEA115676860	Pseudoxanthomonas sp. LjRoot168	4139630
GCA_964253795	LjRoot168	SAMEA115676860	plant metagenome	4139630
GCA_964253805	LjRoot175v2	SAMEA115676863	Variovorax sp. LjRoot175	8602029
GCA_964253805	LjRoot175	SAMEA115676863	plant metagenome	8602029
GCA_964253815	LjRoot34v2	SAMEA115676943	Caballeronia sp. LjRoot34	10347052
GCA_964253815	LjRoot34	SAMEA115676943	plant metagenome	10347052
GCA_964253825	LjRoot253	SAMEA115676907	plant metagenome	5301732
GCA_964253835	LjRoot249	SAMEA115676904	plant metagenome	4142787
GCA_964253845	LjRoot277v2	SAMEA115676921	Pseudomonas sp. LjRoot277	6703651
GCA_964253845	LjRoot277	SAMEA115676921	plant metagenome	6703651
GCA_964253855	LjRoot240	SAMEA115676897	plant metagenome	6054210
GCA_964253865	LjRoot302v2	SAMEA115676939	Variovorax paradoxus	6887760
GCA_964253865	LjRoot302	SAMEA115676939	plant metagenome	6887760
GCA_964253875	LjRoot300v2	SAMEA115676938	Caulobacter sp. LjRoot300	5107759
GCA_964253875	LjRoot300	SAMEA115676938	plant metagenome	5107759
GCA_964253885	LjRoot31v2	SAMEA115676942	Caballeronia sp. LjRoot31	8921534
GCA_964253885	LjRoot31	SAMEA115676942	plant metagenome	8921534
GCA_964253895	LjRoot229	SAMEA115676886	plant metagenome	8819083
GCA_964253905	LjRoot14v2	SAMEA115676844	Arthrobacter sp. LjRoot14	4798411
GCA_964253905	LjRoot14	SAMEA115676844	plant metagenome	4796776
GCA_964253915	LjRoot30v2	SAMEA115676937	Rhizobium sp. LjRoot30	5845701
GCA_964253915	LjRoot30	SAMEA115676937	plant metagenome	5845701
GCA_964253925	LjRoot186v2	SAMEA115676867	Microbacterium foliorum	4081567
GCA_964253925	LjRoot186	SAMEA115676867	plant metagenome	4081567
GCA_964253935	LjRoot42v2	SAMEA115676947	Microbacterium maritypicum	4016182
GCA_964253935	LjRoot42	SAMEA115676947	plant metagenome	4016182
GCA_964253945	LjRoot233	SAMEA115676890	plant metagenome	6657374
GCA_964253955	LjRoot259	SAMEA115676912	plant metagenome	3736388
GCA_964253965	LjRoot162v2	SAMEA115676856	Pseudomonas umsongensis	6917331
GCA_964253965	LjRoot162	SAMEA115676856	plant metagenome	6914098
GCA_964253975	LjRoot159v2	SAMEA115676853	Pseudomonas brassicacearum	6703054
GCA_964253975	LjRoot159	SAMEA115676853	plant metagenome	6699884
GCA_964253985	LjRoot290v2	SAMEA115676931	Variovorax sp. LjRoot290	8083614
GCA_964253985	LjRoot290	SAMEA115676931	plant metagenome	8083614
GCA_964253995	LjRoot87	SAMEA115676968	plant metagenome	5139279
GCA_964254005	LjRoot261	SAMEA115676914	plant metagenome	5750115
GCA_964254025	LjRoot6	SAMEA115676955	plant metagenome	6762979
GCA_964254035	LjRoot279	SAMEA115676922	plant metagenome	6572960
GCA_964254045	LjRoot57	SAMEA115676954	plant metagenome	5051517
GCA_964254055	LjRoot288	SAMEA115676928	plant metagenome	5497018
GCA_964254065	LjRoot281	SAMEA115676924	plant metagenome	6270654
GCA_964254075	LjRoot224v2	SAMEA115676881	Rhizobium leguminosarum	7126325
GCA_964254075	LjRoot224	SAMEA115676881	plant metagenome	7126325
GCA_964254085	LjRoot282	SAMEA115676925	plant metagenome	7388309
GCA_964254095	LjRoot269v2	SAMEA115676919	Duganella sp. LjRoot269	7449600
GCA_964254095	LjRoot269	SAMEA115676919	plant metagenome	7449600
GCA_964254105	LjRoot254v2	SAMEA115676908	Rhizobium sp. LjRoot254	5958650
GCA_964254105	LjRoot254	SAMEA115676908	plant metagenome	5958650
GCA_964254115	LjRoot246v2	SAMEA115676902	Mesorhizobium sp. LjRoot246	6493584
GCA_964254115	LjRoot246	SAMEA115676902	plant metagenome	6493584
GCA_964254125	LjRoot189v2	SAMEA115676868	Acidovorax delafieldii	5304607
GCA_964254125	LjRoot189	SAMEA115676868	plant metagenome	5304607
GCA_964254135	LjRoot239v2	SAMEA115676896	Neorhizobium tomejilense	6492593
GCA_964254135	LjRoot239	SAMEA115676896	plant metagenome	6492593
GCA_964254145	LjRoot235v2	SAMEA115676892	Pararhizobium sp. LjRoot235	5642435
GCA_964254145	LjRoot235	SAMEA115676892	plant metagenome	5642435
GCA_964254155	LjRoot260v2	SAMEA115676913	Variovorax paradoxus	6782146
GCA_964254155	LjRoot260	SAMEA115676913	plant metagenome	6782146
GCA_964254165	LjRoot232v2	SAMEA115676889	Aquipseudomonas alcaligenes	6969696
GCA_964254165	LjRoot232	SAMEA115676889	plant metagenome	6969696
GCA_964254175	LjRoot27v2	SAMEA115676920	Terrabacter sp. LjRoot27	4678582
GCA_964254175	LjRoot27	SAMEA115676920	plant metagenome	4677915
GCA_964254185	LjRoot258v2	SAMEA115676911	Rhizobium sp. LjRoot258	7097219
GCA_964254185	LjRoot258	SAMEA115676911	plant metagenome	7097219
GCA_964254195	LjRoot18	SAMEA115676865	plant metagenome	4035704
GCA_964254305	LjRoot84v2	SAMEA115676967	Variovorax sp. LjRoot84	8305324
GCA_964254305	LjRoot84	SAMEA115676967	plant metagenome	8305324
GCA_964254315	LjRoot90v2	SAMEA115676970	Allobosea sp. LjRoot90	5870010
GCA_964254315	LjRoot90	SAMEA115676970	plant metagenome	5870010
GCA_964254325	LjRoot99v2	SAMEA115676974	Variovorax paradoxus	6778155
GCA_964254325	LjRoot99	SAMEA115676974	Variovorax paradoxus	6778155
GCA_964254335	LjRoot78v2	SAMEA115676962	Arthrobacter sp. LjRoot78	4698578
GCA_964254335	LjRoot78	SAMEA115676962	plant metagenome	4698578
GCA_964254345	LjRoot97v2	SAMEA115676972	Phenylobacterium sp. LjRoot97	4707082
GCA_964254345	LjRoot97	SAMEA115676972	plant metagenome	4707082
GCA_964254355	LjRoot74v2	SAMEA115676961	Acidovorax sp. LjRoot74	5743366
GCA_964254355	LjRoot74	SAMEA115676961	plant metagenome	5743366
GCA_964254365	LjRoot80v2	SAMEA115676965	Mycolicibacterium frederiksbergense	6138747
GCA_964254365	LjRoot80	SAMEA115676965	Mycolicibacterium frederiksbergense	6138747
