file	format	type	num_seqs	sum_len	min_len	avg_len	max_len
/work3/josne/github/27221-Microbiome-Engineering_2027/Module2_MetaG/coassembly56/depleted_reads/SRR29709993_1.fastq.gz	FASTQ	DNA	3403303	423942372	16	124.6	151
/work3/josne/github/27221-Microbiome-Engineering_2027/Module2_MetaG/coassembly56/depleted_reads/SRR29709994_1.fastq.gz	FASTQ	DNA	1956805	251207478	16	128.4	151
/work3/josne/github/27221-Microbiome-Engineering_2027/Module2_MetaG/coassembly56/depleted_reads/SRR29709995_1.fastq.gz	FASTQ	DNA	1790756	217835612	16	121.6	151
/work3/josne/github/27221-Microbiome-Engineering_2027/Module2_MetaG/coassembly56/depleted_reads/SRR29709996_1.fastq.gz	FASTQ	DNA	3980188	511845404	15	128.6	151
/work3/josne/github/27221-Microbiome-Engineering_2027/Module2_MetaG/coassembly56/depleted_reads/SRR29710001_1.fastq.gz	FASTQ	DNA	3338213	394467425	16	118.2	151
/work3/josne/github/27221-Microbiome-Engineering_2027/Module2_MetaG/coassembly56/depleted_reads/SRR29710002_1.fastq.gz	FASTQ	DNA	3932756	511966953	17	130.2	151
/work3/josne/github/27221-Microbiome-Engineering_2027/Module2_MetaG/coassembly56/depleted_reads/SRR29710004_1.fastq.gz	FASTQ	DNA	4295578	558664073	17	130.1	151
/work3/josne/github/27221-Microbiome-Engineering_2027/Module2_MetaG/coassembly56/depleted_reads/SRR29710005_1.fastq.gz	FASTQ	DNA	2789401	353158837	1	126.6	151
/work3/josne/github/27221-Microbiome-Engineering_2027/Module2_MetaG/coassembly56/depleted_reads/SRR29710010_1.fastq.gz	FASTQ	DNA	695348	85528370	17	123.0	151
/work3/josne/github/27221-Microbiome-Engineering_2027/Module2_MetaG/coassembly56/depleted_reads/SRR29710014_1.fastq.gz	FASTQ	DNA	3515736	456295654	18	129.8	151
/work3/josne/github/27221-Microbiome-Engineering_2027/Module2_MetaG/coassembly56/depleted_reads/SRR29710015_1.fastq.gz	FASTQ	DNA	132838	17482357	19	131.6	151
/work3/josne/github/27221-Microbiome-Engineering_2027/Module2_MetaG/coassembly56/depleted_reads/SRR29710017_1.fastq.gz	FASTQ	DNA	374336	48604462	19	129.8	151
/work3/josne/github/27221-Microbiome-Engineering_2027/Module2_MetaG/coassembly56/depleted_reads/SRR29710018_1.fastq.gz	FASTQ	DNA	1374939	184268939	19	134.0	151
/work3/josne/github/27221-Microbiome-Engineering_2027/Module2_MetaG/coassembly56/depleted_reads/SRR29710019_1.fastq.gz	FASTQ	DNA	2567125	326617365	1	127.2	151
/work3/josne/github/27221-Microbiome-Engineering_2027/Module2_MetaG/coassembly56/depleted_reads/SRR29710020_1.fastq.gz	FASTQ	DNA	1434995	183457373	18	127.8	151
/work3/josne/github/27221-Microbiome-Engineering_2027/Module2_MetaG/coassembly56/depleted_reads/SRR29710021_1.fastq.gz	FASTQ	DNA	1893823	245255915	19	129.5	151
/work3/josne/github/27221-Microbiome-Engineering_2027/Module2_MetaG/coassembly56/depleted_reads/SRR29710022_1.fastq.gz	FASTQ	DNA	1384614	174358501	19	125.9	151
/work3/josne/github/27221-Microbiome-Engineering_2027/Module2_MetaG/coassembly56/depleted_reads/SRR29710023_1.fastq.gz	FASTQ	DNA	1940159	264289481	18	136.2	151
/work3/josne/github/27221-Microbiome-Engineering_2027/Module2_MetaG/coassembly56/depleted_reads/SRR29710024_1.fastq.gz	FASTQ	DNA	341805	51118125	1	149.6	151
/work3/josne/github/27221-Microbiome-Engineering_2027/Module2_MetaG/coassembly56/depleted_reads/SRR29710025_1.fastq.gz	FASTQ	DNA	3052474	395419058	19	129.5	151
/work3/josne/github/27221-Microbiome-Engineering_2027/Module2_MetaG/coassembly56/depleted_reads/SRR29710026_1.fastq.gz	FASTQ	DNA	1951203	255932391	18	131.2	151
/work3/josne/github/27221-Microbiome-Engineering_2027/Module2_MetaG/coassembly56/depleted_reads/SRR29710194_1.fastq.gz	FASTQ	DNA	432782	47140944	17	108.9	151
/work3/josne/github/27221-Microbiome-Engineering_2027/Module2_MetaG/coassembly56/depleted_reads/SRR29710196_1.fastq.gz	FASTQ	DNA	269966	32712750	1	121.2	151
/work3/josne/github/27221-Microbiome-Engineering_2027/Module2_MetaG/coassembly56/depleted_reads/SRR29710197_1.fastq.gz	FASTQ	DNA	336659	37726695	18	112.1	151
/work3/josne/github/27221-Microbiome-Engineering_2027/Module2_MetaG/coassembly56/depleted_reads/SRR29710198_1.fastq.gz	FASTQ	DNA	156105	15848689	1	101.5	151
/work3/josne/github/27221-Microbiome-Engineering_2027/Module2_MetaG/coassembly56/depleted_reads/SRR29710203_1.fastq.gz	FASTQ	DNA	3346730	429320509	16	128.3	151
/work3/josne/github/27221-Microbiome-Engineering_2027/Module2_MetaG/coassembly56/depleted_reads/SRR29710204_1.fastq.gz	FASTQ	DNA	1553608	190268351	16	122.5	151
/work3/josne/github/27221-Microbiome-Engineering_2027/Module2_MetaG/coassembly56/depleted_reads/SRR29710206_1.fastq.gz	FASTQ	DNA	1581653	220185087	16	139.2	151
/work3/josne/github/27221-Microbiome-Engineering_2027/Module2_MetaG/coassembly56/depleted_reads/SRR29710207_1.fastq.gz	FASTQ	DNA	2999796	395281855	17	131.8	151
/work3/josne/github/27221-Microbiome-Engineering_2027/Module2_MetaG/coassembly56/depleted_reads/SRR29710212_1.fastq.gz	FASTQ	DNA	270469	30484462	16	112.7	151
/work3/josne/github/27221-Microbiome-Engineering_2027/Module2_MetaG/coassembly56/depleted_reads/SRR29710213_1.fastq.gz	FASTQ	DNA	208936	25513428	15	122.1	151
/work3/josne/github/27221-Microbiome-Engineering_2027/Module2_MetaG/coassembly56/depleted_reads/SRR29710214_1.fastq.gz	FASTQ	DNA	292732	35647982	15	121.8	151
/work3/josne/github/27221-Microbiome-Engineering_2027/Module2_MetaG/coassembly56/depleted_reads/SRR29710215_1.fastq.gz	FASTQ	DNA	9309	1105891	24	118.8	151
/work3/josne/github/27221-Microbiome-Engineering_2027/Module2_MetaG/coassembly56/depleted_reads/SRR29710222_1.fastq.gz	FASTQ	DNA	587039	69828011	19	118.9	151
/work3/josne/github/27221-Microbiome-Engineering_2027/Module2_MetaG/coassembly56/depleted_reads/SRR29710223_1.fastq.gz	FASTQ	DNA	645219	76968932	19	119.3	151
/work3/josne/github/27221-Microbiome-Engineering_2027/Module2_MetaG/coassembly56/depleted_reads/SRR29710265_1.fastq.gz	FASTQ	DNA	719595	126941146	19	176.4	251
/work3/josne/github/27221-Microbiome-Engineering_2027/Module2_MetaG/coassembly56/depleted_reads/SRR29710266_1.fastq.gz	FASTQ	DNA	2086385	393629212	1	188.7	251
/work3/josne/github/27221-Microbiome-Engineering_2027/Module2_MetaG/coassembly56/depleted_reads/SRR29710267_1.fastq.gz	FASTQ	DNA	141313	25592703	23	181.1	251
/work3/josne/github/27221-Microbiome-Engineering_2027/Module2_MetaG/coassembly56/depleted_reads/SRR29710268_1.fastq.gz	FASTQ	DNA	686750	120813521	19	175.9	251
/work3/josne/github/27221-Microbiome-Engineering_2027/Module2_MetaG/coassembly56/depleted_reads/SRR29710300_1.fastq.gz	FASTQ	DNA	18572	2453756	27	132.1	151
/work3/josne/github/27221-Microbiome-Engineering_2027/Module2_MetaG/coassembly56/depleted_reads/SRR29710301_1.fastq.gz	FASTQ	DNA	310657	37697180	19	121.3	151
/work3/josne/github/27221-Microbiome-Engineering_2027/Module2_MetaG/coassembly56/depleted_reads/SRR29710302_1.fastq.gz	FASTQ	DNA	814830	99876485	17	122.6	151
/work3/josne/github/27221-Microbiome-Engineering_2027/Module2_MetaG/coassembly56/depleted_reads/SRR29710312_1.fastq.gz	FASTQ	DNA	1824701	220891862	1	121.1	151
/work3/josne/github/27221-Microbiome-Engineering_2027/Module2_MetaG/coassembly56/depleted_reads/SRR29710313_1.fastq.gz	FASTQ	DNA	1428426	177112152	16	124.0	151
/work3/josne/github/27221-Microbiome-Engineering_2027/Module2_MetaG/coassembly56/depleted_reads/SRR29710315_1.fastq.gz	FASTQ	DNA	2466666	316868786	15	128.5	151
/work3/josne/github/27221-Microbiome-Engineering_2027/Module2_MetaG/coassembly56/depleted_reads/SRR29710316_1.fastq.gz	FASTQ	DNA	1775963	225807803	1	127.1	151
/work3/josne/github/27221-Microbiome-Engineering_2027/Module2_MetaG/coassembly56/depleted_reads/SRR29710317_1.fastq.gz	FASTQ	DNA	7079985	781722437	16	110.4	151
/work3/josne/github/27221-Microbiome-Engineering_2027/Module2_MetaG/coassembly56/depleted_reads/SRR29710318_1.fastq.gz	FASTQ	DNA	4771676	541386914	1	113.5	151
/work3/josne/github/27221-Microbiome-Engineering_2027/Module2_MetaG/coassembly56/depleted_reads/SRR29710319_1.fastq.gz	FASTQ	DNA	7061966	840515406	1	119.0	151
/work3/josne/github/27221-Microbiome-Engineering_2027/Module2_MetaG/coassembly56/depleted_reads/SRR29710320_1.fastq.gz	FASTQ	DNA	6893249	836672508	1	121.4	151
/work3/josne/github/27221-Microbiome-Engineering_2027/Module2_MetaG/coassembly56/depleted_reads/SRR29710346_1.fastq.gz	FASTQ	DNA	1699525	219767841	18	129.3	151
/work3/josne/github/27221-Microbiome-Engineering_2027/Module2_MetaG/coassembly56/depleted_reads/SRR29710347_1.fastq.gz	FASTQ	DNA	2224474	289898305	18	130.3	151
/work3/josne/github/27221-Microbiome-Engineering_2027/Module2_MetaG/coassembly56/depleted_reads/SRR29710348_1.fastq.gz	FASTQ	DNA	2390783	318309514	19	133.1	151
/work3/josne/github/27221-Microbiome-Engineering_2027/Module2_MetaG/coassembly56/depleted_reads/SRR29710349_1.fastq.gz	FASTQ	DNA	3505709	456308423	18	130.2	151
/work3/josne/github/27221-Microbiome-Engineering_2027/Module2_MetaG/coassembly56/depleted_reads/SRR29710350_1.fastq.gz	FASTQ	DNA	378221	44759975	18	118.3	151
/work3/josne/github/27221-Microbiome-Engineering_2027/Module2_MetaG/coassembly56/depleted_reads/SRR29710352_1.fastq.gz	FASTQ	DNA	657215	79252030	18	120.6	151
/work3/josne/github/27221-Microbiome-Engineering_2027/Module2_MetaG/coassembly56/depleted_reads/SRR29709993_2.fastq.gz	FASTQ	DNA	3403303	424539413	1	124.7	151
/work3/josne/github/27221-Microbiome-Engineering_2027/Module2_MetaG/coassembly56/depleted_reads/SRR29709994_2.fastq.gz	FASTQ	DNA	1956805	251506857	16	128.5	151
/work3/josne/github/27221-Microbiome-Engineering_2027/Module2_MetaG/coassembly56/depleted_reads/SRR29709995_2.fastq.gz	FASTQ	DNA	1790756	217593449	16	121.5	151
/work3/josne/github/27221-Microbiome-Engineering_2027/Module2_MetaG/coassembly56/depleted_reads/SRR29709996_2.fastq.gz	FASTQ	DNA	3980188	511959323	1	128.6	151
/work3/josne/github/27221-Microbiome-Engineering_2027/Module2_MetaG/coassembly56/depleted_reads/SRR29710001_2.fastq.gz	FASTQ	DNA	3338213	394885010	16	118.3	151
/work3/josne/github/27221-Microbiome-Engineering_2027/Module2_MetaG/coassembly56/depleted_reads/SRR29710002_2.fastq.gz	FASTQ	DNA	3932756	512491884	17	130.3	151
/work3/josne/github/27221-Microbiome-Engineering_2027/Module2_MetaG/coassembly56/depleted_reads/SRR29710004_2.fastq.gz	FASTQ	DNA	4295578	552611320	17	128.6	151
/work3/josne/github/27221-Microbiome-Engineering_2027/Module2_MetaG/coassembly56/depleted_reads/SRR29710005_2.fastq.gz	FASTQ	DNA	2789401	352053898	16	126.2	151
/work3/josne/github/27221-Microbiome-Engineering_2027/Module2_MetaG/coassembly56/depleted_reads/SRR29710010_2.fastq.gz	FASTQ	DNA	695348	85547444	17	123.0	151
/work3/josne/github/27221-Microbiome-Engineering_2027/Module2_MetaG/coassembly56/depleted_reads/SRR29710014_2.fastq.gz	FASTQ	DNA	3515736	456559395	18	129.9	151
/work3/josne/github/27221-Microbiome-Engineering_2027/Module2_MetaG/coassembly56/depleted_reads/SRR29710015_2.fastq.gz	FASTQ	DNA	132838	17492438	19	131.7	151
/work3/josne/github/27221-Microbiome-Engineering_2027/Module2_MetaG/coassembly56/depleted_reads/SRR29710017_2.fastq.gz	FASTQ	DNA	374336	48601281	19	129.8	151
/work3/josne/github/27221-Microbiome-Engineering_2027/Module2_MetaG/coassembly56/depleted_reads/SRR29710018_2.fastq.gz	FASTQ	DNA	1374939	183446876	19	133.4	151
/work3/josne/github/27221-Microbiome-Engineering_2027/Module2_MetaG/coassembly56/depleted_reads/SRR29710019_2.fastq.gz	FASTQ	DNA	2567125	326822462	1	127.3	151
/work3/josne/github/27221-Microbiome-Engineering_2027/Module2_MetaG/coassembly56/depleted_reads/SRR29710020_2.fastq.gz	FASTQ	DNA	1434995	183625225	18	128.0	151
/work3/josne/github/27221-Microbiome-Engineering_2027/Module2_MetaG/coassembly56/depleted_reads/SRR29710021_2.fastq.gz	FASTQ	DNA	1893823	245389553	19	129.6	151
/work3/josne/github/27221-Microbiome-Engineering_2027/Module2_MetaG/coassembly56/depleted_reads/SRR29710022_2.fastq.gz	FASTQ	DNA	1384614	174387156	19	125.9	151
/work3/josne/github/27221-Microbiome-Engineering_2027/Module2_MetaG/coassembly56/depleted_reads/SRR29710023_2.fastq.gz	FASTQ	DNA	1940159	264318394	1	136.2	151
/work3/josne/github/27221-Microbiome-Engineering_2027/Module2_MetaG/coassembly56/depleted_reads/SRR29710024_2.fastq.gz	FASTQ	DNA	341805	51060220	22	149.4	151
/work3/josne/github/27221-Microbiome-Engineering_2027/Module2_MetaG/coassembly56/depleted_reads/SRR29710025_2.fastq.gz	FASTQ	DNA	3052474	395773907	19	129.7	151
/work3/josne/github/27221-Microbiome-Engineering_2027/Module2_MetaG/coassembly56/depleted_reads/SRR29710026_2.fastq.gz	FASTQ	DNA	1951203	256127309	1	131.3	151
/work3/josne/github/27221-Microbiome-Engineering_2027/Module2_MetaG/coassembly56/depleted_reads/SRR29710194_2.fastq.gz	FASTQ	DNA	432782	47185237	17	109.0	151
/work3/josne/github/27221-Microbiome-Engineering_2027/Module2_MetaG/coassembly56/depleted_reads/SRR29710196_2.fastq.gz	FASTQ	DNA	269966	32710169	1	121.2	151
/work3/josne/github/27221-Microbiome-Engineering_2027/Module2_MetaG/coassembly56/depleted_reads/SRR29710197_2.fastq.gz	FASTQ	DNA	336659	37763872	18	112.2	151
/work3/josne/github/27221-Microbiome-Engineering_2027/Module2_MetaG/coassembly56/depleted_reads/SRR29710198_2.fastq.gz	FASTQ	DNA	156105	15883137	1	101.7	151
/work3/josne/github/27221-Microbiome-Engineering_2027/Module2_MetaG/coassembly56/depleted_reads/SRR29710203_2.fastq.gz	FASTQ	DNA	3346730	429671169	1	128.4	151
/work3/josne/github/27221-Microbiome-Engineering_2027/Module2_MetaG/coassembly56/depleted_reads/SRR29710204_2.fastq.gz	FASTQ	DNA	1553608	190510729	16	122.6	151
/work3/josne/github/27221-Microbiome-Engineering_2027/Module2_MetaG/coassembly56/depleted_reads/SRR29710206_2.fastq.gz	FASTQ	DNA	1581653	220177427	16	139.2	151
/work3/josne/github/27221-Microbiome-Engineering_2027/Module2_MetaG/coassembly56/depleted_reads/SRR29710207_2.fastq.gz	FASTQ	DNA	2999796	395471230	1	131.8	151
/work3/josne/github/27221-Microbiome-Engineering_2027/Module2_MetaG/coassembly56/depleted_reads/SRR29710212_2.fastq.gz	FASTQ	DNA	270469	30481998	16	112.7	151
/work3/josne/github/27221-Microbiome-Engineering_2027/Module2_MetaG/coassembly56/depleted_reads/SRR29710213_2.fastq.gz	FASTQ	DNA	208936	25506935	15	122.1	151
/work3/josne/github/27221-Microbiome-Engineering_2027/Module2_MetaG/coassembly56/depleted_reads/SRR29710214_2.fastq.gz	FASTQ	DNA	292732	35658114	15	121.8	151
/work3/josne/github/27221-Microbiome-Engineering_2027/Module2_MetaG/coassembly56/depleted_reads/SRR29710215_2.fastq.gz	FASTQ	DNA	9309	1103873	23	118.6	151
/work3/josne/github/27221-Microbiome-Engineering_2027/Module2_MetaG/coassembly56/depleted_reads/SRR29710222_2.fastq.gz	FASTQ	DNA	587039	70295152	19	119.7	151
/work3/josne/github/27221-Microbiome-Engineering_2027/Module2_MetaG/coassembly56/depleted_reads/SRR29710223_2.fastq.gz	FASTQ	DNA	645219	77322910	19	119.8	151
/work3/josne/github/27221-Microbiome-Engineering_2027/Module2_MetaG/coassembly56/depleted_reads/SRR29710265_2.fastq.gz	FASTQ	DNA	719595	127492365	19	177.2	251
/work3/josne/github/27221-Microbiome-Engineering_2027/Module2_MetaG/coassembly56/depleted_reads/SRR29710266_2.fastq.gz	FASTQ	DNA	2086385	394102464	19	188.9	251
/work3/josne/github/27221-Microbiome-Engineering_2027/Module2_MetaG/coassembly56/depleted_reads/SRR29710267_2.fastq.gz	FASTQ	DNA	141313	25752604	23	182.2	251
/work3/josne/github/27221-Microbiome-Engineering_2027/Module2_MetaG/coassembly56/depleted_reads/SRR29710268_2.fastq.gz	FASTQ	DNA	686750	120467076	19	175.4	251
/work3/josne/github/27221-Microbiome-Engineering_2027/Module2_MetaG/coassembly56/depleted_reads/SRR29710300_2.fastq.gz	FASTQ	DNA	18572	2453339	27	132.1	151
/work3/josne/github/27221-Microbiome-Engineering_2027/Module2_MetaG/coassembly56/depleted_reads/SRR29710301_2.fastq.gz	FASTQ	DNA	310657	37712709	19	121.4	151
/work3/josne/github/27221-Microbiome-Engineering_2027/Module2_MetaG/coassembly56/depleted_reads/SRR29710302_2.fastq.gz	FASTQ	DNA	814830	99916537	17	122.6	151
/work3/josne/github/27221-Microbiome-Engineering_2027/Module2_MetaG/coassembly56/depleted_reads/SRR29710312_2.fastq.gz	FASTQ	DNA	1824701	220458680	16	120.8	151
/work3/josne/github/27221-Microbiome-Engineering_2027/Module2_MetaG/coassembly56/depleted_reads/SRR29710313_2.fastq.gz	FASTQ	DNA	1428426	177250847	16	124.1	151
/work3/josne/github/27221-Microbiome-Engineering_2027/Module2_MetaG/coassembly56/depleted_reads/SRR29710315_2.fastq.gz	FASTQ	DNA	2466666	316937651	15	128.5	151
/work3/josne/github/27221-Microbiome-Engineering_2027/Module2_MetaG/coassembly56/depleted_reads/SRR29710316_2.fastq.gz	FASTQ	DNA	1775963	226116322	1	127.3	151
/work3/josne/github/27221-Microbiome-Engineering_2027/Module2_MetaG/coassembly56/depleted_reads/SRR29710317_2.fastq.gz	FASTQ	DNA	7079985	783040727	1	110.6	151
/work3/josne/github/27221-Microbiome-Engineering_2027/Module2_MetaG/coassembly56/depleted_reads/SRR29710318_2.fastq.gz	FASTQ	DNA	4771676	542872840	16	113.8	151
/work3/josne/github/27221-Microbiome-Engineering_2027/Module2_MetaG/coassembly56/depleted_reads/SRR29710319_2.fastq.gz	FASTQ	DNA	7061966	837506228	1	118.6	151
/work3/josne/github/27221-Microbiome-Engineering_2027/Module2_MetaG/coassembly56/depleted_reads/SRR29710320_2.fastq.gz	FASTQ	DNA	6893249	829554946	17	120.3	151
/work3/josne/github/27221-Microbiome-Engineering_2027/Module2_MetaG/coassembly56/depleted_reads/SRR29710346_2.fastq.gz	FASTQ	DNA	1699525	219728694	18	129.3	151
/work3/josne/github/27221-Microbiome-Engineering_2027/Module2_MetaG/coassembly56/depleted_reads/SRR29710347_2.fastq.gz	FASTQ	DNA	2224474	290006103	18	130.4	151
/work3/josne/github/27221-Microbiome-Engineering_2027/Module2_MetaG/coassembly56/depleted_reads/SRR29710348_2.fastq.gz	FASTQ	DNA	2390783	318429162	19	133.2	151
/work3/josne/github/27221-Microbiome-Engineering_2027/Module2_MetaG/coassembly56/depleted_reads/SRR29710349_2.fastq.gz	FASTQ	DNA	3505709	456581713	18	130.2	151
/work3/josne/github/27221-Microbiome-Engineering_2027/Module2_MetaG/coassembly56/depleted_reads/SRR29710350_2.fastq.gz	FASTQ	DNA	378221	45056892	18	119.1	151
/work3/josne/github/27221-Microbiome-Engineering_2027/Module2_MetaG/coassembly56/depleted_reads/SRR29710352_2.fastq.gz	FASTQ	DNA	657215	79954015	18	121.7	151
