run_accession	sample_alias	sample_group	host	host_species	inoculum	compartment	nutrient	bio_replicate	read_count	note	fastq_r1_ftp	fastq_r1_md5	fastq_r1_bytes	fastq_r2_ftp	fastq_r2_md5	fastq_r2_bytes
SRR29710347	Hv_HvSC_RZ_high_B3	Reconstitution (host + inoculum, sterile substrate)	Hv	Hordeum vulgare	HvSC	RZ	high	B3	2480247	nutrient swapped low->high: low-nutrient RZ runs for this cell had <150K reads (too shallow for assembly/binning)	https://ftp.sra.ebi.ac.uk/vol1/fastq/SRR297/047/SRR29710347/SRR29710347_1.fastq.gz	2ea9a08c83d01ad1cf75a0e5c731616b	157392544	https://ftp.sra.ebi.ac.uk/vol1/fastq/SRR297/047/SRR29710347/SRR29710347_2.fastq.gz	312b73dfbeef9cf31cf3e55e7f37e3da	172231937
SRR29710349	Hv_HvSC_RZ_high_B1	Reconstitution (host + inoculum, sterile substrate)	Hv	Hordeum vulgare	HvSC	RZ	high	B1	3869345	nutrient swapped low->high: low-nutrient RZ runs for this cell had <150K reads (too shallow for assembly/binning)	https://ftp.sra.ebi.ac.uk/vol1/fastq/SRR297/049/SRR29710349/SRR29710349_1.fastq.gz	435fcc8331cdc9ee08a9228e8b6646d4	247808946	https://ftp.sra.ebi.ac.uk/vol1/fastq/SRR297/049/SRR29710349/SRR29710349_2.fastq.gz	5c429ca4d36fec784bed9e845be209f9	270250435
SRR29710222	Hv_HvSC_ES_low_B2	Reconstitution (host + inoculum, sterile substrate)	Hv	Hordeum vulgare	HvSC	ES	low	B2	10337461		https://ftp.sra.ebi.ac.uk/vol1/fastq/SRR297/022/SRR29710222/SRR29710222_1.fastq.gz	7b17f2de329187dcf5155b9bc0343e46	593715384	https://ftp.sra.ebi.ac.uk/vol1/fastq/SRR297/022/SRR29710222/SRR29710222_2.fastq.gz	3bd96675cd9d0e9a4f3c34ec688e5a12	620215768
SRR29710350	Hv_HvSC_ES_low_B4	Reconstitution (host + inoculum, sterile substrate)	Hv	Hordeum vulgare	HvSC	ES	low	B4	6404735		https://ftp.sra.ebi.ac.uk/vol1/fastq/SRR297/050/SRR29710350/SRR29710350_1.fastq.gz	21c224289dd96250b6cb5b4d63a28471	362926390	https://ftp.sra.ebi.ac.uk/vol1/fastq/SRR297/050/SRR29710350/SRR29710350_2.fastq.gz	3c127400eb65c5b63bd5ec124efa260d	385216438
SRR29710223	Hv_HvSC_ES_low_B1	Reconstitution (host + inoculum, sterile substrate)	Hv	Hordeum vulgare	HvSC	ES	low	B1	8938000		https://ftp.sra.ebi.ac.uk/vol1/fastq/SRR297/023/SRR29710223/SRR29710223_1.fastq.gz	afd96dbe95a5619b218ad6f37b527b69	517417730	https://ftp.sra.ebi.ac.uk/vol1/fastq/SRR297/023/SRR29710223/SRR29710223_2.fastq.gz	8ec7f5dc83756bf8f14253ff9c3476cf	543956385
SRR29710348	Hv_HvSC_RZ_high_B2	Reconstitution (host + inoculum, sterile substrate)	Hv	Hordeum vulgare	HvSC	RZ	high	B2	2762499	nutrient swapped low->high: low-nutrient RZ runs for this cell had <150K reads (too shallow for assembly/binning)	https://ftp.sra.ebi.ac.uk/vol1/fastq/SRR297/048/SRR29710348/SRR29710348_1.fastq.gz	8efdb1249c819bd7a48d154fe5d07bf1	178210119	https://ftp.sra.ebi.ac.uk/vol1/fastq/SRR297/048/SRR29710348/SRR29710348_2.fastq.gz	abe4dc09445c64311df404ace74efafb	193833197
SRR29710352	Hv_HvSC_ES_low_B3	Reconstitution (host + inoculum, sterile substrate)	Hv	Hordeum vulgare	HvSC	ES	low	B3	11471592		https://ftp.sra.ebi.ac.uk/vol1/fastq/SRR297/052/SRR29710352/SRR29710352_1.fastq.gz	e6a85979f6dcc364403be406fa5bb92f	660146651	https://ftp.sra.ebi.ac.uk/vol1/fastq/SRR297/052/SRR29710352/SRR29710352_2.fastq.gz	4af1be393f72a906289b7850dcb4f216	718549125
SRR29710346	Hv_HvSC_RZ_high_B4	Reconstitution (host + inoculum, sterile substrate)	Hv	Hordeum vulgare	HvSC	RZ	high	B4	1984197	nutrient swapped low->high: low-nutrient RZ runs for this cell had <150K reads (too shallow for assembly/binning)	https://ftp.sra.ebi.ac.uk/vol1/fastq/SRR297/046/SRR29710346/SRR29710346_1.fastq.gz	359e280b06809f424b0ed31a6215f5ce	134452036	https://ftp.sra.ebi.ac.uk/vol1/fastq/SRR297/046/SRR29710346/SRR29710346_2.fastq.gz	59375da5c7e1bca4c02e20c5fe0d6193	135328493
SRR29710197	Lj_HvSC_ES_low_B2	Reconstitution (host + inoculum, sterile substrate)	Lj	Lotus japonicus	HvSC	ES	low	B2	1782143		https://ftp.sra.ebi.ac.uk/vol1/fastq/SRR297/097/SRR29710197/SRR29710197_1.fastq.gz	f666c2aa60c239b22c9b167c2e5c1223	99396247	https://ftp.sra.ebi.ac.uk/vol1/fastq/SRR297/097/SRR29710197/SRR29710197_2.fastq.gz	3ab5ce451fb19b2475366ab1700b3659	105437093
SRR29710315	Lj_HvSC_RZ_high_B2	Reconstitution (host + inoculum, sterile substrate)	Lj	Lotus japonicus	HvSC	RZ	high	B2	2687442	nutrient swapped low->high: low-nutrient RZ runs for this cell had <150K reads (too shallow for assembly/binning)	https://ftp.sra.ebi.ac.uk/vol1/fastq/SRR297/015/SRR29710315/SRR29710315_1.fastq.gz	c432ef14c84261d64cd807dfa3ae9671	168342102	https://ftp.sra.ebi.ac.uk/vol1/fastq/SRR297/015/SRR29710315/SRR29710315_2.fastq.gz	453309aa46bda76874507a5ca2408f66	182504705
SRR29710194	Lj_HvSC_ES_low_B4	Reconstitution (host + inoculum, sterile substrate)	Lj	Lotus japonicus	HvSC	ES	low	B4	1728240		https://ftp.sra.ebi.ac.uk/vol1/fastq/SRR297/094/SRR29710194/SRR29710194_1.fastq.gz	790c3d25f0db7be653fcd866959285ae	92835444	https://ftp.sra.ebi.ac.uk/vol1/fastq/SRR297/094/SRR29710194/SRR29710194_2.fastq.gz	a960e75c5e73c4ef0480735ea526dc9e	97617341
SRR29710316	Lj_HvSC_RZ_high_B1	Reconstitution (host + inoculum, sterile substrate)	Lj	Lotus japonicus	HvSC	RZ	high	B1	1844064	nutrient swapped low->high: low-nutrient RZ runs for this cell had <150K reads (too shallow for assembly/binning)	https://ftp.sra.ebi.ac.uk/vol1/fastq/SRR297/016/SRR29710316/SRR29710316_1.fastq.gz	6ab40ab920fbe626af596f656be8f0a2	116104169	https://ftp.sra.ebi.ac.uk/vol1/fastq/SRR297/016/SRR29710316/SRR29710316_2.fastq.gz	cdb658b2c633642be7fe0a7d19ca2b84	127108715
SRR29710317	Lj_HvSC_NOD_low_B4	Reconstitution (host + inoculum, sterile substrate)	Lj	Lotus japonicus	HvSC	NOD	low	B4	8206413		https://ftp.sra.ebi.ac.uk/vol1/fastq/SRR297/017/SRR29710317/SRR29710317_1.fastq.gz	83bd56f0d1b05788d3933c4cbb0ba8d3	453862687	https://ftp.sra.ebi.ac.uk/vol1/fastq/SRR297/017/SRR29710317/SRR29710317_2.fastq.gz	575afafcdb48bee1f4584bfc405982ef	477835311
SRR29710318	Lj_HvSC_NOD_low_B3	Reconstitution (host + inoculum, sterile substrate)	Lj	Lotus japonicus	HvSC	NOD	low	B3	5349611		https://ftp.sra.ebi.ac.uk/vol1/fastq/SRR297/018/SRR29710318/SRR29710318_1.fastq.gz	c665b96b505eada5fbfd156856dee827	302134793	https://ftp.sra.ebi.ac.uk/vol1/fastq/SRR297/018/SRR29710318/SRR29710318_2.fastq.gz	6f53ca60cf51e870400189b9bf7cd42a	322082615
SRR29710196	Lj_HvSC_ES_low_B3	Reconstitution (host + inoculum, sterile substrate)	Lj	Lotus japonicus	HvSC	ES	low	B3	1878908		https://ftp.sra.ebi.ac.uk/vol1/fastq/SRR297/096/SRR29710196/SRR29710196_1.fastq.gz	0d1966f978868b640d077b0e9bdfc15b	111823016	https://ftp.sra.ebi.ac.uk/vol1/fastq/SRR297/096/SRR29710196/SRR29710196_2.fastq.gz	b3d5c84aeaaff80c633f0122c3179da1	119075315
SRR29710198	Lj_HvSC_ES_low_B1	Reconstitution (host + inoculum, sterile substrate)	Lj	Lotus japonicus	HvSC	ES	low	B1	936641		https://ftp.sra.ebi.ac.uk/vol1/fastq/SRR297/098/SRR29710198/SRR29710198_1.fastq.gz	15e622feea4d5de5decd2a83fc1611dc	48122583	https://ftp.sra.ebi.ac.uk/vol1/fastq/SRR297/098/SRR29710198/SRR29710198_2.fastq.gz	f2c5d86b0e9dad9c70e746c8827345d6	51064787
SRR29710313	Lj_HvSC_RZ_high_B3	Reconstitution (host + inoculum, sterile substrate)	Lj	Lotus japonicus	HvSC	RZ	high	B3	1557521	nutrient swapped low->high: low-nutrient RZ runs for this cell had <150K reads (too shallow for assembly/binning)	https://ftp.sra.ebi.ac.uk/vol1/fastq/SRR297/013/SRR29710313/SRR29710313_1.fastq.gz	761f5c1a57db6e5b20e864527a4fc57b	94878139	https://ftp.sra.ebi.ac.uk/vol1/fastq/SRR297/013/SRR29710313/SRR29710313_2.fastq.gz	5516cef1be58d246e605ee6facdc67e9	102826972
SRR29710320	Lj_HvSC_NOD_low_B1	Reconstitution (host + inoculum, sterile substrate)	Lj	Lotus japonicus	HvSC	NOD	low	B1	7891075		https://ftp.sra.ebi.ac.uk/vol1/fastq/SRR297/020/SRR29710320/SRR29710320_1.fastq.gz	8402412bde8022750ab96e911aa568dd	570783446	https://ftp.sra.ebi.ac.uk/vol1/fastq/SRR297/020/SRR29710320/SRR29710320_2.fastq.gz	8f5156e3b6365d9fc236961c8fe48bb0	483395522
SRR29710312	Lj_HvSC_RZ_high_B4	Reconstitution (host + inoculum, sterile substrate)	Lj	Lotus japonicus	HvSC	RZ	high	B4	1963931	nutrient swapped low->high: low-nutrient RZ runs for this cell had <150K reads (too shallow for assembly/binning)	https://ftp.sra.ebi.ac.uk/vol1/fastq/SRR297/012/SRR29710312/SRR29710312_1.fastq.gz	40ff44a750194b063900de4579f66b56	130022279	https://ftp.sra.ebi.ac.uk/vol1/fastq/SRR297/012/SRR29710312/SRR29710312_2.fastq.gz	299e3c5e0452ac22d3a71cd6ae9b0bc8	124611784
SRR29710319	Lj_HvSC_NOD_low_B2	Reconstitution (host + inoculum, sterile substrate)	Lj	Lotus japonicus	HvSC	NOD	low	B2	8049550		https://ftp.sra.ebi.ac.uk/vol1/fastq/SRR297/019/SRR29710319/SRR29710319_1.fastq.gz	30962c68a5912d6e79327f6928c2c58d	559665636	https://ftp.sra.ebi.ac.uk/vol1/fastq/SRR297/019/SRR29710319/SRR29710319_2.fastq.gz	b2c9de7bfb68ae9c10fc401516d8b906	489114217
SRR29710204	Lj_AtSC_RZ_low_B3	Reconstitution (host + inoculum, sterile substrate)	Lj	Lotus japonicus	AtSC	RZ	low	B3	1727791		https://ftp.sra.ebi.ac.uk/vol1/fastq/SRR297/004/SRR29710204/SRR29710204_1.fastq.gz	4cb6cd947d0a78085a399531e00611a8	104449497	https://ftp.sra.ebi.ac.uk/vol1/fastq/SRR297/004/SRR29710204/SRR29710204_2.fastq.gz	3cdb93aa6187a0f2a9768716d8325d50	111554820
SRR29710206	Lj_AtSC_RZ_low_B2	Reconstitution (host + inoculum, sterile substrate)	Lj	Lotus japonicus	AtSC	RZ	low	B2	1641174		https://ftp.sra.ebi.ac.uk/vol1/fastq/SRR297/006/SRR29710206/SRR29710206_1.fastq.gz	244bc5e116738a5e0632db95855e8dfb	114559708	https://ftp.sra.ebi.ac.uk/vol1/fastq/SRR297/006/SRR29710206/SRR29710206_2.fastq.gz	97077f8d5cc248c4feba7f0d4bfe4345	119764890
SRR29710207	Lj_AtSC_RZ_low_B1	Reconstitution (host + inoculum, sterile substrate)	Lj	Lotus japonicus	AtSC	RZ	low	B1	3120887		https://ftp.sra.ebi.ac.uk/vol1/fastq/SRR297/007/SRR29710207/SRR29710207_1.fastq.gz	c486492b07834d788db27875c7389600	199585790	https://ftp.sra.ebi.ac.uk/vol1/fastq/SRR297/007/SRR29710207/SRR29710207_2.fastq.gz	0b7582a856a8269e5c97e1e4722382c3	214846919
SRR29710212	Lj_AtSC_ES_low_B4	Reconstitution (host + inoculum, sterile substrate)	Lj	Lotus japonicus	AtSC	ES	low	B4	2320366		https://ftp.sra.ebi.ac.uk/vol1/fastq/SRR297/012/SRR29710212/SRR29710212_1.fastq.gz	8c35e7f7676970e59201e18edc011b46	129704473	https://ftp.sra.ebi.ac.uk/vol1/fastq/SRR297/012/SRR29710212/SRR29710212_2.fastq.gz	04069012a9c900d329be510018382551	137522510
SRR29710215	Lj_AtSC_ES_low_B1	Reconstitution (host + inoculum, sterile substrate)	Lj	Lotus japonicus	AtSC	ES	low	B1	102337		https://ftp.sra.ebi.ac.uk/vol1/fastq/SRR297/015/SRR29710215/SRR29710215_1.fastq.gz	f5b3b4973bd07f8eb4246653baf50fa0	6294097	https://ftp.sra.ebi.ac.uk/vol1/fastq/SRR297/015/SRR29710215/SRR29710215_2.fastq.gz	26d245f3d1c8a453b29301a6256ddad5	6624721
SRR29710203	Lj_AtSC_RZ_low_B4	Reconstitution (host + inoculum, sterile substrate)	Lj	Lotus japonicus	AtSC	RZ	low	B4	3477674		https://ftp.sra.ebi.ac.uk/vol1/fastq/SRR297/003/SRR29710203/SRR29710203_1.fastq.gz	8b116abb81498b903ccd2b3689490213	220465616	https://ftp.sra.ebi.ac.uk/vol1/fastq/SRR297/003/SRR29710203/SRR29710203_2.fastq.gz	7d39b19ff99e4bb89dd565cbbc9b9cbd	232863264
SRR29710213	Lj_AtSC_ES_low_B3	Reconstitution (host + inoculum, sterile substrate)	Lj	Lotus japonicus	AtSC	ES	low	B3	2341514		https://ftp.sra.ebi.ac.uk/vol1/fastq/SRR297/013/SRR29710213/SRR29710213_1.fastq.gz	d3fb8a9179b173d47e9c8fd116a66397	141244737	https://ftp.sra.ebi.ac.uk/vol1/fastq/SRR297/013/SRR29710213/SRR29710213_2.fastq.gz	78135c4b0bd3a11f71f50943ed7ae796	152958909
SRR29710214	Lj_AtSC_ES_low_B2	Reconstitution (host + inoculum, sterile substrate)	Lj	Lotus japonicus	AtSC	ES	low	B2	2182480		https://ftp.sra.ebi.ac.uk/vol1/fastq/SRR297/014/SRR29710214/SRR29710214_1.fastq.gz	974a9d600b040b2e8a84f6d17e94a037	130721332	https://ftp.sra.ebi.ac.uk/vol1/fastq/SRR297/014/SRR29710214/SRR29710214_2.fastq.gz	62fcb35cfafbb5ef534badd1ba7b4c16	140633883
SRR29709994	Lj_LjSC_RZ_low_B3	Reconstitution (host + inoculum, sterile substrate)	Lj	Lotus japonicus	LjSC	RZ	low	B3	2083753		https://ftp.sra.ebi.ac.uk/vol1/fastq/SRR297/094/SRR29709994/SRR29709994_1.fastq.gz	cec1af6e3e27cce83fb5034e6c993ff6	132239981	https://ftp.sra.ebi.ac.uk/vol1/fastq/SRR297/094/SRR29709994/SRR29709994_2.fastq.gz	c73667acaf703664365c9f7675f6a903	142450494
SRR29709996	Lj_LjSC_RZ_low_B1	Reconstitution (host + inoculum, sterile substrate)	Lj	Lotus japonicus	LjSC	RZ	low	B1	4267997		https://ftp.sra.ebi.ac.uk/vol1/fastq/SRR297/096/SRR29709996/SRR29709996_1.fastq.gz	00eec3e3757349f9fe7082088770ff91	272599720	https://ftp.sra.ebi.ac.uk/vol1/fastq/SRR297/096/SRR29709996/SRR29709996_2.fastq.gz	9c7f2c4caebfa519f40eb94236e647e8	287904304
SRR29710004	Lj_LjSC_NOD_low_B2	Reconstitution (host + inoculum, sterile substrate)	Lj	Lotus japonicus	LjSC	NOD	low	B2	4761594		https://ftp.sra.ebi.ac.uk/vol1/fastq/SRR297/004/SRR29710004/SRR29710004_1.fastq.gz	30a3bff5f62093329894836220d03ab5	378113772	https://ftp.sra.ebi.ac.uk/vol1/fastq/SRR297/004/SRR29710004/SRR29710004_2.fastq.gz	c6435003ec05bba348d4d96134451cb5	307535568
SRR29709995	Lj_LjSC_RZ_low_B2	Reconstitution (host + inoculum, sterile substrate)	Lj	Lotus japonicus	LjSC	RZ	low	B2	1914833		https://ftp.sra.ebi.ac.uk/vol1/fastq/SRR297/095/SRR29709995/SRR29709995_1.fastq.gz	03ba62672c230122bb9194b7073a346e	127829940	https://ftp.sra.ebi.ac.uk/vol1/fastq/SRR297/095/SRR29709995/SRR29709995_2.fastq.gz	74028a4c1620430da0ceacf5c081d159	125219231
SRR29710002	Lj_LjSC_NOD_low_B3	Reconstitution (host + inoculum, sterile substrate)	Lj	Lotus japonicus	LjSC	NOD	low	B3	4251663		https://ftp.sra.ebi.ac.uk/vol1/fastq/SRR297/002/SRR29710002/SRR29710002_1.fastq.gz	977a28c5f13ea31278e6cd2909b78f06	277736132	https://ftp.sra.ebi.ac.uk/vol1/fastq/SRR297/002/SRR29710002/SRR29710002_2.fastq.gz	29610f2ab477bf683381362c2a7e30fb	290332743
SRR29710302	Lj_LjSC_ES_low_B1	Reconstitution (host + inoculum, sterile substrate)	Lj	Lotus japonicus	LjSC	ES	low	B1	5121853		https://ftp.sra.ebi.ac.uk/vol1/fastq/SRR297/002/SRR29710302/SRR29710302_1.fastq.gz	06483f4cdae1af25066008ec5223cdda	304987770	https://ftp.sra.ebi.ac.uk/vol1/fastq/SRR297/002/SRR29710302/SRR29710302_2.fastq.gz	66445675f49a1fa28914738113e51fc2	322299226
SRR29709993	Lj_LjSC_RZ_low_B4	Reconstitution (host + inoculum, sterile substrate)	Lj	Lotus japonicus	LjSC	RZ	low	B4	3644217		https://ftp.sra.ebi.ac.uk/vol1/fastq/SRR297/093/SRR29709993/SRR29709993_1.fastq.gz	cc5cc45e2cd13a7c92b6b94e54a43478	221554152	https://ftp.sra.ebi.ac.uk/vol1/fastq/SRR297/093/SRR29709993/SRR29709993_2.fastq.gz	48f8b011ad3087fa6d5e401ca89801d1	241373259
SRR29710001	Lj_LjSC_NOD_low_B4	Reconstitution (host + inoculum, sterile substrate)	Lj	Lotus japonicus	LjSC	NOD	low	B4	3755153		https://ftp.sra.ebi.ac.uk/vol1/fastq/SRR297/001/SRR29710001/SRR29710001_1.fastq.gz	efd6851810346b8515d6aa7fe879cdb7	220090661	https://ftp.sra.ebi.ac.uk/vol1/fastq/SRR297/001/SRR29710001/SRR29710001_2.fastq.gz	835cc4b57c7a019a4dda2123fc8a4638	232801409
SRR29710301	Lj_LjSC_ES_low_B2	Reconstitution (host + inoculum, sterile substrate)	Lj	Lotus japonicus	LjSC	ES	low	B2	1255881		https://ftp.sra.ebi.ac.uk/vol1/fastq/SRR297/001/SRR29710301/SRR29710301_1.fastq.gz	3d1a6c2614112dd6fe3fd91967199780	76342648	https://ftp.sra.ebi.ac.uk/vol1/fastq/SRR297/001/SRR29710301/SRR29710301_2.fastq.gz	0af1dc42ca64291a3eff7531edd68f60	80030007
SRR29710010	Lj_LjSC_ES_low_B4	Reconstitution (host + inoculum, sterile substrate)	Lj	Lotus japonicus	LjSC	ES	low	B4	4613515		https://ftp.sra.ebi.ac.uk/vol1/fastq/SRR297/010/SRR29710010/SRR29710010_1.fastq.gz	5d14b1aeb5f0e8bc03a790509e879786	274514991	https://ftp.sra.ebi.ac.uk/vol1/fastq/SRR297/010/SRR29710010/SRR29710010_2.fastq.gz	6e37ca24e1a8b13105c52a39a18f49c9	292146793
SRR29710300	Lj_LjSC_ES_low_B3	Reconstitution (host + inoculum, sterile substrate)	Lj	Lotus japonicus	LjSC	ES	low	B3	174589		https://ftp.sra.ebi.ac.uk/vol1/fastq/SRR297/000/SRR29710300/SRR29710300_1.fastq.gz	8b0329ed5fbdf8a9caf2fc1d24b2dcde	11566206	https://ftp.sra.ebi.ac.uk/vol1/fastq/SRR297/000/SRR29710300/SRR29710300_2.fastq.gz	6200116560971d6fcb37275b90de4193	12354454
SRR29710005	Lj_LjSC_NOD_low_B1	Reconstitution (host + inoculum, sterile substrate)	Lj	Lotus japonicus	LjSC	NOD	low	B1	3184908		https://ftp.sra.ebi.ac.uk/vol1/fastq/SRR297/005/SRR29710005/SRR29710005_1.fastq.gz	ed35a4c1ce76a0e582ccba7cecc520d6	229559885	https://ftp.sra.ebi.ac.uk/vol1/fastq/SRR297/005/SRR29710005/SRR29710005_2.fastq.gz	257beabd1c3ece38fa39dcc1982424fc	208629704
SRR29710017	Input_LjSC_B2	Input (inoculum sequenced directly, no plant)			LjSC			B2	375276		https://ftp.sra.ebi.ac.uk/vol1/fastq/SRR297/017/SRR29710017/SRR29710017_1.fastq.gz	27aed37f11a2f8a3058e19b2c144bc8d	26190381	https://ftp.sra.ebi.ac.uk/vol1/fastq/SRR297/017/SRR29710017/SRR29710017_2.fastq.gz	df69dfc2ac4f75f9d6b02fb8a257e7ee	25856913
SRR29710021	Input_HvSC_B2	Input (inoculum sequenced directly, no plant)			HvSC			B2	1895482		https://ftp.sra.ebi.ac.uk/vol1/fastq/SRR297/021/SRR29710021/SRR29710021_1.fastq.gz	03585a9c0d98b0192d01ef8c677561f0	123633269	https://ftp.sra.ebi.ac.uk/vol1/fastq/SRR297/021/SRR29710021/SRR29710021_2.fastq.gz	ac73875e05bb5d8c5b77609846741981	131956630
SRR29710023	Input_AtSC_B4	Input (inoculum sequenced directly, no plant)			AtSC			B4	1943242		https://ftp.sra.ebi.ac.uk/vol1/fastq/SRR297/023/SRR29710023/SRR29710023_1.fastq.gz	a89fce9631b1c00670a4b05ab485bffb	128539323	https://ftp.sra.ebi.ac.uk/vol1/fastq/SRR297/023/SRR29710023/SRR29710023_2.fastq.gz	a6c42c3ee37c4e6421108b2ea391ccd3	139510575
SRR29710026	Input_AtSC_B1	Input (inoculum sequenced directly, no plant)			AtSC			B1	1955881		https://ftp.sra.ebi.ac.uk/vol1/fastq/SRR297/026/SRR29710026/SRR29710026_1.fastq.gz	05333f652ef2044b4dece2a12bdf922c	125621760	https://ftp.sra.ebi.ac.uk/vol1/fastq/SRR297/026/SRR29710026/SRR29710026_2.fastq.gz	52aed806e2b65fe8a80708bb5a1c4b89	138133925
SRR29710266	R1_Input_LjSC	Input (inoculum sequenced directly, no plant)			LjSC				2086496		https://ftp.sra.ebi.ac.uk/vol1/fastq/SRR297/066/SRR29710266/SRR29710266_1.fastq.gz	52e500d159add8448470760a829f09c7	206731752	https://ftp.sra.ebi.ac.uk/vol1/fastq/SRR297/066/SRR29710266/SRR29710266_2.fastq.gz	240625929e5065428c62cfdb10b4f6bd	207070184
SRR29710014	Input_LjSC_B4	Input (inoculum sequenced directly, no plant)			LjSC			B4	3521517		https://ftp.sra.ebi.ac.uk/vol1/fastq/SRR297/014/SRR29710014/SRR29710014_1.fastq.gz	511bd9ad5362d7c403fa11eb90423217	223456644	https://ftp.sra.ebi.ac.uk/vol1/fastq/SRR297/014/SRR29710014/SRR29710014_2.fastq.gz	fe9b303a86112c215d9be4176b9aa8a5	240631474
SRR29710024	Input_AtSC_B3	Input (inoculum sequenced directly, no plant)			AtSC			B3	342298		https://ftp.sra.ebi.ac.uk/vol1/fastq/SRR297/024/SRR29710024/SRR29710024_1.fastq.gz	cd3e1cd01e559e1e4702eeadb9846cf7	32054772	https://ftp.sra.ebi.ac.uk/vol1/fastq/SRR297/024/SRR29710024/SRR29710024_2.fastq.gz	129c7463869d4b7463e137847e11f5e6	30039343
SRR29710025	Input_AtSC_B2	Input (inoculum sequenced directly, no plant)			AtSC			B2	3056954		https://ftp.sra.ebi.ac.uk/vol1/fastq/SRR297/025/SRR29710025/SRR29710025_1.fastq.gz	49d0e28a81e9b72950a9e14f2ac1cf6e	194993289	https://ftp.sra.ebi.ac.uk/vol1/fastq/SRR297/025/SRR29710025/SRR29710025_2.fastq.gz	1c1da632894ac1ffc63b8ab2a5ea6707	210782351
SRR29710015	Input_LjSC_B3	Input (inoculum sequenced directly, no plant)			LjSC			B3	132964		https://ftp.sra.ebi.ac.uk/vol1/fastq/SRR297/015/SRR29710015/SRR29710015_1.fastq.gz	bc5615f63edd31d2d1ed45948a597f35	8874015	https://ftp.sra.ebi.ac.uk/vol1/fastq/SRR297/015/SRR29710015/SRR29710015_2.fastq.gz	65847b407d433d7fad3cca59f52767a0	9512497
SRR29710022	Input_HvSC_B1	Input (inoculum sequenced directly, no plant)			HvSC			B1	1386028		https://ftp.sra.ebi.ac.uk/vol1/fastq/SRR297/022/SRR29710022/SRR29710022_1.fastq.gz	f27220a065f829bcb201cf4d48745a70	86976535	https://ftp.sra.ebi.ac.uk/vol1/fastq/SRR297/022/SRR29710022/SRR29710022_2.fastq.gz	1f023759c083abdb35b9b7e604d6dd87	93714519
SRR29710019	Input_HvSC_B4	Input (inoculum sequenced directly, no plant)			HvSC			B4	2570922		https://ftp.sra.ebi.ac.uk/vol1/fastq/SRR297/019/SRR29710019/SRR29710019_1.fastq.gz	7840b3854bf09c353ded33f66b54a376	160927731	https://ftp.sra.ebi.ac.uk/vol1/fastq/SRR297/019/SRR29710019/SRR29710019_2.fastq.gz	813c06dcd87dcc04d955922e803aac29	175477829
SRR29710020	Input_HvSC_B3	Input (inoculum sequenced directly, no plant)			HvSC			B3	1437859		https://ftp.sra.ebi.ac.uk/vol1/fastq/SRR297/020/SRR29710020/SRR29710020_1.fastq.gz	99e4231f17ec1f8be745d334998d8456	90769308	https://ftp.sra.ebi.ac.uk/vol1/fastq/SRR297/020/SRR29710020/SRR29710020_2.fastq.gz	bbb8c0ce6de981d6b043a0b61a931f17	99307235
SRR29710018	Input_LjSC_B1	Input (inoculum sequenced directly, no plant)			LjSC			B1	1378086		https://ftp.sra.ebi.ac.uk/vol1/fastq/SRR297/018/SRR29710018/SRR29710018_1.fastq.gz	45d12a2349a39118017fb20e722fde1f	108050330	https://ftp.sra.ebi.ac.uk/vol1/fastq/SRR297/018/SRR29710018/SRR29710018_2.fastq.gz	c7be9d9326882c8b885bc8f5a6cdf60d	95125545
SRR29710265	R1_Input_LjSC_2	Input (inoculum sequenced directly, no plant)			LjSC				719718		https://ftp.sra.ebi.ac.uk/vol1/fastq/SRR297/065/SRR29710265/SRR29710265_1.fastq.gz	740a157e2c7c2232507b253c45670235	66680855	https://ftp.sra.ebi.ac.uk/vol1/fastq/SRR297/065/SRR29710265/SRR29710265_2.fastq.gz	650d446cb6588695ecbd66b6a61fa889	68740001
SRR29710267	R1_Input_HvSC	Input (inoculum sequenced directly, no plant)			HvSC				141319		https://ftp.sra.ebi.ac.uk/vol1/fastq/SRR297/067/SRR29710267/SRR29710267_1.fastq.gz	11249a83ae13d60ad3930c34498207d4	13774486	https://ftp.sra.ebi.ac.uk/vol1/fastq/SRR297/067/SRR29710267/SRR29710267_2.fastq.gz	5c67e78e7c8d9c6528c367cf0a377efa	14288562
SRR29710268	R1_Input_AtSC	Input (inoculum sequenced directly, no plant)			AtSC				686881		https://ftp.sra.ebi.ac.uk/vol1/fastq/SRR297/068/SRR29710268/SRR29710268_1.fastq.gz	9c41dce2ad2bb4f9030553dc745f9acd	66583021	https://ftp.sra.ebi.ac.uk/vol1/fastq/SRR297/068/SRR29710268/SRR29710268_2.fastq.gz	1836f4fcda6eddd124a2d02a507f2c25	64414844
